,MatchID,LeagueID,LeagueName,LeagueFullname,LeagueAbbreviation,CountryID,CountryName,CountryAbbreviation,HomeTeamID,HomeTeamName,GuestTeamID,GuestTeamName,HostHandicapFT,ExpectedGoalsFT,BettingCuoteFT,HostHandicapHT,ExpectedGoalsHT,BettingCuoteHT,HostGoalsFT,GuestGoalsFT,HostCornersFT,GuestCornersFT,HostYCFT,GuestYCFT,HostRCFT,GuestRCFT,HostAttacksFT,GuestAttacksFT,HostDAttacksFT,GuestDAttacksFT,HostonTargetFT,GuestonTargetFT,HostoffTargetFT,GuestoffTargetFT,HostPossessionFT,GuestPossessionFT,Status,Goal
0,685314,668,MKD L1,Macedonia First League,M,83,Macedonia,M,5113,Shkendija Tetovo,6639,FK Sileks,-1.75,2.75,,-0.75,1.0,,3,0,8,0,0,1,0,0,147,101,117,44,5,2,7,5,0,0,83,1
1,685312,668,MKD L1,Macedonia First League,M,83,Macedonia,M,26653,FC Struga Trim & Lum,5881,FK Renova,-0.25,2.0,,0.0,0.75,,1,0,1,4,7,4,0,0,103,108,45,67,1,1,4,3,0,0,81,0
2,685313,668,MKD L1,Macedonia First League,M,83,Macedonia,M,7876,KF Shkupi Skopje,5568,Rabotnicki Skopje,-0.75,2.25,,-0.25,0.75,,2,0,2,0,1,1,0,0,123,132,66,45,4,1,6,2,0,0,82,1
3,685311,668,MKD L1,Macedonia First League,M,83,Macedonia,M,23204,Akademija Pandev,5946,Makedonija Gj. P,-0.75,2.0,,-0.25,0.75,,4,0,2,2,0,2,0,0,75,63,40,23,7,3,4,1,0,0,80,1
4,685315,668,MKD L1,Macedonia First League,M,83,Macedonia,M,5744,Vardar Skopje,27983,FK Borec,-2,3.0,,-0.75,1.25,,2,0,4,4,1,3,0,0,148,124,81,54,5,2,15,8,0,0,82,1
5,685251,833,UEFA YL,UEFA Youth League,U,4,International,G,15347,Zrinjski Mostar U19,16183,MTK Budapest U19,+0.25,3.0,10,+0.25,1.25,4.5,2,0,3,5,2,5,0,0,87,107,51,61,3,2,7,4,47,53,79,1
6,685352,969,GRC A Cup,Greece Amateur Cup,G,13,Greece,X,38072,Kopsahila,33199,Apollon Halandriou,+0.75,3.0,,+0.25,1.25,,2,0,0,1,1,1,0,0,71,172,28,72,3,4,0,3,0,0,80,1
7,685303,969,GRC A Cup,Greece Amateur Cup,G,13,Greece,X,9784,Ilisiakos,28635,Agios Dimitrios,-2.5,3.5,,-1.0,1.5,,1,1,15,2,1,2,0,0,109,68,81,35,3,1,7,2,0,0,79,1
8,685304,969,GRC A Cup,Greece Amateur Cup,G,13,Greece,X,6518,Kallithea,37751,AONF Attalos,-2.75,4.0,,-1.25,1.5,,3,1,3,3,2,1,0,0,121,82,71,36,10,2,10,2,0,0,76,1
9,684897,817,OMN L,Oman League,O,33,Oman,A,19068,Al Rustaq,8965,Sohar Club,-0.25,2.25,9,-0.25,0.75,4,1,0,4,3,2,0,0,0,56,51,29,29,1,0,3,7,0,0,54,1
10,685176,1124,TZA PL,Tanzania Premier League,T,106,Tanzania,T,32506,Alliance FC,13049,Ruvu Shooting,-0.25,1.75,,0.0,0.75,,1,0,5,5,0,0,0,0,72,73,59,51,3,1,4,3,0,0,54,1
11,685141,2285,ZIM PSL,Zimbabwe Premier Soccer League,Z,203,Zimbabwe,J,26311,Chicken Inn FC,25765,CAPS United,-0.25,2.0,,0.0,0.75,,0,0,4,1,0,1,0,0,39,43,34,41,0,0,2,1,0,0,51,0
12,685308,2346,Italy CP1,Italy Campionato Primavera 1,I,22,Italy,Y,4541,Fiorentina U19,8278,Pescara U19,-0.75,3.25,10,-0.25,1.25,4.5,3,2,3,3,0,1,0,0,65,81,52,51,3,3,6,2,48,52,55,1
13,682491,191,RUS D1,Russia Division 1,R,12,Russia,E,3369,Krasnodar II,21674,FC Olimpiyets Nizhny Novgorod,+0.25,2.25,9,0.0,0.75,4.5,1,2,2,4,0,1,0,0,41,35,15,11,2,3,1,2,51,49,51,1
14,685059,2317,Italy SCGC,Italy Serie C Group C,I,22,Italy,Y,18952,Virtus Francavilla,6914,Teramo,-0.25,1.75,,0.0,0.75,,0,1,4,3,2,1,0,0,81,61,44,45,2,2,6,0,0,0,50,1
15,685106,2315,Italy SCGA,Italy Serie C Group A,I,22,Italy,Y,16066,Olbia,7016,Albinoleffe,0.0,2.25,,0.0,0.75,,1,0,0,5,3,0,0,0,49,93,17,54,2,0,1,5,0,0,49,1
16,685182,1124,TZA PL,Tanzania Premier League,T,106,Tanzania,T,38082,Namungo FC,20683,Mtibwa Sugar,-0.75,1.75,,-0.25,0.75,,1,0,3,3,0,0,0,0,79,94,43,58,4,2,3,0,0,0,52,1
17,685178,1124,TZA PL,Tanzania Premier League,T,106,Tanzania,T,16524,Tanzania Prisons,32728,Biashara United Mara,-1.0,2.0,,-0.25,0.75,,0,0,3,2,0,0,0,0,163,132,80,28,5,1,6,4,0,0,51,0
18,685142,2285,ZIM PSL,Zimbabwe Premier Soccer League,Z,203,Zimbabwe,J,26361,Dynamos FC,26313,FC Platinum,0.0,1.75,8.5,0.0,0.75,4,0,0,2,0,0,1,0,0,36,37,25,39,0,2,0,5,0,0,50,0
19,685223,833,UEFA YL,UEFA Youth League,U,4,International,G,16877,FC Salzburg U19,8283,Napoli U19,-1.5,3.25,10.5,-0.75,1.25,5,4,1,5,2,0,2,0,0,77,59,48,19,6,1,3,2,54,46,49,1
20,685598,258,WClub F,World Club Friendlies,W,4,International,G,5691,Chittagong Abahani,34799,Young Elephants FC,-1.0,3.25,,-0.5,1.25,,1,2,5,0,1,0,0,0,46,41,37,29,1,5,2,3,0,0,49,1
21,685177,1124,TZA PL,Tanzania Premier League,T,106,Tanzania,T,37971,Polisi Tanzania FC,20915,Mwadui FC,-0.5,2.0,,-0.25,0.75,,0,0,4,1,0,0,0,0,63,52,43,25,2,0,2,7,0,0,HT,0
22,685179,1124,TZA PL,Tanzania Premier League,T,106,Tanzania,T,20910,Ndanda FC,27309,Lipuli FC,0.0,1.5,,0.0,0.5,,0,1,3,2,0,0,0,0,87,83,47,48,0,1,1,2,0,0,49,1
23,685112,237,POL L3,Poland III Liga,P,20,Poland,B,6967,Lechia Tomaszow Mazowiecki,12030,Legia Warsaw II,+1.5,3.25,,+0.5,1.25,,0,0,1,6,1,2,0,0,67,100,25,45,0,2,2,4,41,59,50,0
24,685301,338,LTU AL W,Lithuania A Lyga Women,L,95,Lithuania,L,28020,Ssg FA Siauliai Women,37749,Utenis Utena Women,-1.75,4.5,,-0.75,1.75,,2,1,9,0,0,1,0,0,78,62,63,29,5,1,5,0,0,0,50,1
25,685100,900,RWA NL,Rwanda National League,R,166,Rwanda,L,3571,Etincelles,9984,AS Kigali,-0.5,2.0,8.5,-0.25,0.75,4,0,0,0,6,2,1,0,0,57,67,34,59,2,3,3,3,0,0,46,0
26,685421,704,ARG R,Argentina Reserve League,A,32,Argentina,A,7980,CA Tigre Reserves,15523,Deportivo Moron Reserves,-0.25,2.25,9,-0.25,1.0,4,0,0,2,0,1,2,0,0,60,61,32,39,3,1,2,4,0,0,45,0
27,685432,704,ARG R,Argentina Reserve League,A,32,Argentina,A,19920,Chacarita Juniors Reserves,19660,Ferro Carril Oeste Reserves,+0.5,2.25,10,+0.25,1.0,4.5,0,0,1,5,0,2,0,0,46,54,30,37,0,2,7,6,0,0,HT,0
28,685422,704,ARG R,Argentina Reserve League,A,32,Argentina,A,16167,Nueva Chicago Reserves,13158,Sarmiento Reserves,+0.5,2.75,9,+0.25,1.25,4.5,3,1,2,3,0,0,0,0,68,75,32,27,3,5,2,2,0,0,46,1,MatchID,LeagueID,LeagueName,LeagueFullname,LeagueAbbreviation,CountryID,CountryName,CountryAbbreviation,HomeTeamID,HomeTeamName,GuestTeamID,GuestTeamName,HostHandicapFT,ExpectedGoalsFT,BettingCuoteFT,HostHandicapHT,ExpectedGoalsHT,BettingCuoteHT,HostGoalsFT,GuestGoalsFT,HostCornersFT,GuestCornersFT,HostYCFT,GuestYCFT,HostRCFT,GuestRCFT,HostAttacksFT,GuestAttacksFT,HostDAttacksFT,GuestDAttacksFT,HostonTargetFT,GuestonTargetFT,HostoffTargetFT,GuestoffTargetFT,HostPossessionFT,GuestPossessionFT,Status,Goal
0,684897,817,OMN L,Oman League,O,33,Oman,A,19068,Al Rustaq,8965,Sohar Club,-0.25,2.25,9,-0.25,0.75,4,1,2,4,5,2,0,1,0,89,84,43,58,1,2,5,12,0,0,92,1
1,685176,1124,TZA PL,Tanzania Premier League,T,106,Tanzania,T,32506,Alliance FC,13049,Ruvu Shooting,-0.25,1.75,,0.0,0.75,,1,0,8,6,0,2,0,0,120,122,91,90,4,1,9,4,0,0,92,1
2,685141,2285,ZIM PSL,Zimbabwe Premier Soccer League,Z,203,Zimbabwe,J,26311,Chicken Inn FC,25765,CAPS United,-0.25,2.0,,0.0,0.75,,1,0,4,2,2,2,0,0,65,63,57,67,1,1,5,3,0,0,89,0
3,685308,2346,Italy CP1,Italy Campionato Primavera 1,I,22,Italy,Y,4541,Fiorentina U19,8278,Pescara U19,-0.75,3.25,10,-0.25,1.25,4.5,3,3,5,5,0,1,0,0,127,124,98,86,5,6,10,3,51,49,93,1
4,682491,191,RUS D1,Russia Division 1,R,12,Russia,E,3369,Krasnodar II,21674,FC Olimpiyets Nizhny Novgorod,+0.25,2.25,9,0.0,0.75,4.5,2,2,2,7,1,1,0,0,67,71,28,25,4,4,2,6,48,52,89,1
5,685059,2317,Italy SCGC,Italy Serie C Group C,I,22,Italy,Y,18952,Virtus Francavilla,6914,Teramo,-0.25,1.75,,0.0,0.75,,0,1,5,7,4,2,0,0,121,99,77,69,3,3,9,2,0,0,88,1
6,685106,2315,Italy SCGA,Italy Serie C Group A,I,22,Italy,Y,16066,Olbia,7016,Albinoleffe,0.0,2.25,,0.0,0.75,,1,1,0,7,3,1,0,0,77,145,35,86,2,1,4,5,0,0,88,1
7,685182,1124,TZA PL,Tanzania Premier League,T,106,Tanzania,T,38082,Namungo FC,20683,Mtibwa Sugar,-0.75,1.75,,-0.25,0.75,,1,0,4,4,1,0,0,0,148,167,80,112,4,2,5,3,0,0,90,1
8,685178,1124,TZA PL,Tanzania Premier League,T,106,Tanzania,T,16524,Tanzania Prisons,32728,Biashara United Mara,-1.0,2.0,,-0.25,0.75,,0,0,7,2,0,2,0,0,255,182,137,42,5,1,11,5,0,0,89,0
9,685142,2285,ZIM PSL,Zimbabwe Premier Soccer League,Z,203,Zimbabwe,J,26361,Dynamos FC,26313,FC Platinum,0.0,1.75,8.5,0.0,0.75,4,0,0,3,2,3,3,0,0,58,61,39,59,1,2,0,5,0,0,88,0
10,685223,833,UEFA YL,UEFA Youth League,U,4,International,G,16877,FC Salzburg U19,8283,Napoli U19,-1.5,3.25,10.5,-0.75,1.25,5,6,2,7,5,0,3,0,0,121,103,81,46,17,1,10,5,53,47,87,1
11,685598,258,WClub F,World Club Friendlies,W,4,International,G,5691,Chittagong Abahani,34799,Young Elephants FC,-1.0,3.25,,-0.5,1.25,,4,2,8,1,1,1,0,0,76,65,59,51,4,6,2,3,0,0,87,1
12,685179,1124,TZA PL,Tanzania Premier League,T,106,Tanzania,T,20910,Ndanda FC,27309,Lipuli FC,0.0,1.5,,0.0,0.5,,1,1,5,7,0,0,1,0,131,128,76,74,1,1,1,4,0,0,87,1
13,685112,237,POL L3,Poland III Liga,P,20,Poland,B,6967,Lechia Tomaszow Mazowiecki,12030,Legia Warsaw II,+1.5,3.25,,+0.5,1.25,,0,1,2,6,3,4,0,1,138,148,66,75,3,4,6,6,45,55,88,0
14,685301,338,LTU AL W,Lithuania A Lyga Women,L,95,Lithuania,L,28020,Ssg FA Siauliai Women,37749,Utenis Utena Women,-1.75,4.5,,-0.75,1.75,,3,1,10,3,0,1,0,0,134,92,97,47,6,1,7,1,0,0,88,1
15,685100,900,RWA NL,Rwanda National League,R,166,Rwanda,L,3571,Etincelles,9984,AS Kigali,-0.5,2.0,8.5,-0.25,0.75,4,0,0,1,8,3,2,0,0,101,126,63,96,7,3,6,7,0,0,84,0
16,685421,704,ARG R,Argentina Reserve League,A,32,Argentina,A,7980,CA Tigre Reserves,15523,Deportivo Moron Reserves,-0.25,2.25,9,-0.25,1.0,4,0,1,4,4,5,3,0,0,98,103,50,70,3,3,3,8,0,0,83,0
17,685432,704,ARG R,Argentina Reserve League,A,32,Argentina,A,19920,Chacarita Juniors Reserves,19660,Ferro Carril Oeste Reserves,+0.5,2.25,10,+0.25,1.0,4.5,2,3,3,5,0,2,0,0,98,95,58,59,3,6,9,9,0,0,82,0
18,685422,704,ARG R,Argentina Reserve League,A,32,Argentina,A,16167,Nueva Chicago Reserves,13158,Sarmiento Reserves,+0.5,2.75,9,+0.25,1.25,4.5,5,3,3,5,1,0,0,0,121,138,54,63,7,7,2,5,0,0,85,1
19,685290,749,ZAF ND1,South Africa National Div 1,S,37,South Africa,N,20033,Steenberg United,32395,TS Galaxy,-0.25,2.25,9.5,0.0,1.0,4.5,2,1,2,5,0,0,0,0,57,76,27,44,4,2,1,3,0,0,57,1
20,685326,713,TUN L1,Tunisia League 1,T,55,Tunisia,T,5086,JS Kairouanaise,5321,Stade Tunisien,-0.25,2.0,8.5,0.0,0.75,4,0,1,4,1,1,1,0,0,92,58,60,13,1,3,3,1,63,37,52,1
21,685327,713,TUN L1,Tunisia League 1,T,55,Tunisia,T,6213,Bizertin,3259,CS Sfaxien,+0.25,1.75,8.5,0.0,0.75,4,1,0,2,2,0,2,0,0,36,40,18,24,1,1,3,4,0,0,52,1
22,685325,713,TUN L1,Tunisia League 1,T,55,Tunisia,T,27923,AS Slimane,7637,CS Hammam Lif,-0.5,2.0,8,-0.25,0.75,3.5,0,0,4,1,1,1,0,0,36,36,43,15,4,0,1,0,0,0,50,0
23,685067,238,DZA D1,Algeria Division 1,A,111,Algeria,A,27256,AS Ain M'lila,18968,US Biskra,-0.5,2.0,8.5,-0.25,0.75,4,3,0,8,2,1,0,0,0,55,52,42,35,5,0,5,1,48,52,HT,1
,MatchID,LeagueID,LeagueName,LeagueFullname,LeagueAbbreviation,CountryID,CountryName,CountryAbbreviation,HomeTeamID,HomeTeamName,GuestTeamID,GuestTeamName,HostHandicapFT,ExpectedGoalsFT,BettingCuoteFT,HostHandicapHT,ExpectedGoalsHT,BettingCuoteHT,HostGoalsFT,GuestGoalsFT,HostCornersFT,GuestCornersFT,HostYCFT,GuestYCFT,HostRCFT,GuestRCFT,HostAttacksFT,GuestAttacksFT,HostDAttacksFT,GuestDAttacksFT,HostonTargetFT,GuestonTargetFT,HostoffTargetFT,GuestoffTargetFT,HostPossessionFT,GuestPossessionFT,Status,Goal
0,685142,2285,ZIM PSL,Zimbabwe Premier Soccer League,Z,203,Zimbabwe,J,26361,Dynamos FC,26313,FC Platinum,0.0,1.75,8.5,0.0,0.75,4,0,0,3,3,3,3,0,0,67,72,48,66,1,2,0,5,0,0,FT,0
1,685290,749,ZAF ND1,South Africa National Div 1,S,37,South Africa,N,20033,Steenberg United,32395,TS Galaxy,-0.25,2.25,9.5,0.0,1.0,4.5,2,2,3,9,0,0,0,0,67,102,31,64,5,4,1,6,0,0,77,1
2,685326,713,TUN L1,Tunisia League 1,T,55,Tunisia,T,5086,JS Kairouanaise,5321,Stade Tunisien,-0.25,2.0,8.5,0.0,0.75,4,0,1,6,1,1,2,0,0,120,78,81,21,2,4,4,1,62,38,72,1
3,685327,713,TUN L1,Tunisia League 1,T,55,Tunisia,T,6213,Bizertin,3259,CS Sfaxien,+0.25,1.75,8.5,0.0,0.75,4,1,2,2,3,0,2,0,0,48,56,21,34,1,4,3,5,0,0,71,1
4,685325,713,TUN L1,Tunisia League 1,T,55,Tunisia,T,27923,AS Slimane,7637,CS Hammam Lif,-0.5,2.0,8,-0.25,0.75,3.5,1,0,4,3,2,3,0,0,50,55,48,34,5,2,1,2,0,0,69,0
5,685067,238,DZA D1,Algeria Division 1,A,111,Algeria,A,27256,AS Ain M'lila,18968,US Biskra,-0.5,2.0,8.5,-0.25,0.75,4,3,0,8,2,1,0,0,0,62,63,47,40,5,0,5,1,47,53,50,1
6,685597,2336,Albania CP,Albania Championship,A,53,Albania,A,15544,KS Flamurtari Vlore,27826,Vllaznia Shkoder,+0.5,1.75,,+0.25,0.75,,1,1,1,1,1,0,1,0,74,66,36,47,1,2,3,6,0,0,48,1
7,685227,833,UEFA YL,UEFA Youth League,U,4,International,G,7901,Benfica U19,8287,Lyon U19,-0.25,3.25,10,0.0,1.25,4.5,1,1,2,1,3,2,0,0,85,68,67,34,1,1,8,1,59,41,48,1
8,685345,771,MAR Cup,Morocco Cup,M,46,Morocco,M,19040,TAS Casablanca,2974,Ittihad Khemisset,-0.25,2.0,9.5,0.0,0.75,4.5,0,1,1,1,0,0,0,0,34,27,21,12,1,1,4,0,62,38,47,1
9,685188,889,IND SL,India Super League,I,17,India,Y,16581,FC Goa,9835,Chennaiyin FC,-1.0,3.0,10.5,-0.25,1.25,5,1,0,3,4,1,0,0,0,68,48,45,32,4,2,2,1,54,46,46,1
10,685250,833,UEFA YL,UEFA Youth League,U,4,International,G,5027,Inter Milan U19,3118,Borussia Dortmund U19,-0.75,3.25,10,-0.25,1.25,4.5,4,1,3,2,2,0,0,0,40,64,42,39,5,3,1,6,43,57,48,1
11,685433,704,ARG R,Argentina Reserve League,A,32,Argentina,A,16042,Almagro Reserves,8320,Quilmes Reserves,+0.25,2.5,9.5,+0.25,1.0,4.5,1,1,1,3,1,1,0,0,39,54,29,23,1,3,5,3,0,0,HT,1
12,685165,783,CMR E1,Cameroon Elite One,C,54,Cameroon,K,19979,Dragon Club Yaounde,19752,UMS de Loum,-0.25,1.75,8.5,-0.25,0.75,4,0,0,2,3,3,2,0,0,50,44,10,5,2,2,4,0,57,43,47,0
13,685168,783,CMR E1,Cameroon Elite One,C,54,Cameroon,K,21730,Stade Renard de Melong,14394,Canon de Yaounde,0.0,1.75,,0.0,0.75,,1,0,1,5,0,1,0,0,57,47,27,40,4,2,2,2,0,0,HT,1
14,685269,783,CMR E1,Cameroon Elite One,C,54,Cameroon,K,14393,Bamboutos de Mbouda,19775,AS Fortuna Mfou,-0.25,2.0,,0.0,0.75,,0,0,0,1,1,2,0,0,50,47,36,35,1,2,2,1,0,0,HT,0
15,685270,833,UEFA YL,UEFA Youth League,U,4,International,G,13172,Korona Kielce U19,28985,Real Zaragoza U19,+0.75,2.75,9.5,+0.75,0.75,4.5,1,1,1,0,2,1,1,0,49,70,18,40,1,1,0,3,66,34,46,1
16,685544,969,GRC A Cup,Greece Amateur Cup,G,13,Greece,X,38454,Ermis Liosion,38455,Aps Ikaros,+1.0,3.75,,+0.5,1.5,,2,0,2,1,0,0,0,0,66,64,33,11,7,1,6,0,0,0,HT,1
17,685560,861,IRQ L,Iraq League,I,66,Iraq,Y,36174,Al Talaba,36145,Naft Al Junoob,-0.25,2.25,,+0.5,0.5,,1,2,1,4,0,1,0,0,51,56,24,30,2,5,2,2,0,0,HT,1
18,682493,191,RUS D1,Russia Division 1,R,12,Russia,E,1318,Neftekhimik Nizhnekamsk,1331,SKA Energia Khabarovsk,-0.25,2.25,10,-0.25,1.0,4.5,0,0,0,1,0,0,0,0,8,6,5,7,0,0,0,1,42,58,5,1
19,682489,191,RUS D1,Russia Division 1,R,12,Russia,E,5372,Rotor Volgograd,1303,Luch-Energiya Vladivostok,-1.0,2.25,9,-0.25,1.0,4,0,0,2,0,0,0,0,0,1,4,5,2,0,0,0,0,54,46,2,1
,MatchID,LeagueID,LeagueName,LeagueFullname,LeagueAbbreviation,CountryID,CountryName,CountryAbbreviation,HomeTeamID,HomeTeamName,GuestTeamID,GuestTeamName,HostHandicapFT,ExpectedGoalsFT,BettingCuoteFT,HostHandicapHT,ExpectedGoalsHT,BettingCuoteHT,HostGoalsFT,GuestGoalsFT,HostCornersFT,GuestCornersFT,HostYCFT,GuestYCFT,HostRCFT,GuestRCFT,HostAttacksFT,GuestAttacksFT,HostDAttacksFT,GuestDAttacksFT,HostonTargetFT,GuestonTargetFT,HostoffTargetFT,GuestoffTargetFT,HostPossessionFT,GuestPossessionFT,Status,Goal
0,685142,2285,ZIM PSL,Zimbabwe Premier Soccer League,Z,203,Zimbabwe,J,26361,Dynamos FC,26313,FC Platinum,0.0,1.75,8.5,0.0,0.75,4,0,0,3,3,3,3,0,0,67,72,48,66,1,2,0,5,0,0,FT,0
1,685290,749,ZAF ND1,South Africa National Div 1,S,37,South Africa,N,20033,Steenberg United,32395,TS Galaxy,-0.25,2.25,9.5,0.0,1.0,4.5,3,2,4,9,0,0,0,0,67,103,31,64,6,4,1,6,0,0,78,1
2,685326,713,TUN L1,Tunisia League 1,T,55,Tunisia,T,5086,JS Kairouanaise,5321,Stade Tunisien,-0.25,2.0,8.5,0.0,0.75,4,0,1,6,1,1,2,0,0,121,79,81,21,2,4,4,1,62,38,73,1
3,685327,713,TUN L1,Tunisia League 1,T,55,Tunisia,T,6213,Bizertin,3259,CS Sfaxien,+0.25,1.75,8.5,0.0,0.75,4,1,2,2,3,0,2,0,0,48,56,21,34,1,4,3,5,0,0,72,1
4,685325,713,TUN L1,Tunisia League 1,T,55,Tunisia,T,27923,AS Slimane,7637,CS Hammam Lif,-0.5,2.0,8,-0.25,0.75,3.5,1,0,4,3,2,3,0,0,51,56,49,34,5,2,1,2,0,0,70,0
5,685067,238,DZA D1,Algeria Division 1,A,111,Algeria,A,27256,AS Ain M'lila,18968,US Biskra,-0.5,2.0,8.5,-0.25,0.75,4,3,0,8,3,1,0,0,0,62,63,47,41,5,1,5,1,47,53,51,1
6,685597,2336,Albania CP,Albania Championship,A,53,Albania,A,15544,KS Flamurtari Vlore,27826,Vllaznia Shkoder,+0.5,1.75,,+0.25,0.75,,1,1,1,1,1,0,1,0,76,69,36,47,1,2,3,6,0,0,49,1
7,685227,833,UEFA YL,UEFA Youth League,U,4,International,G,7901,Benfica U19,8287,Lyon U19,-0.25,3.25,10,0.0,1.25,4.5,1,1,2,1,3,2,0,0,89,68,71,34,1,1,9,1,60,40,49,1
8,685345,771,MAR Cup,Morocco Cup,M,46,Morocco,M,19040,TAS Casablanca,2974,Ittihad Khemisset,-0.25,2.0,9.5,0.0,0.75,4.5,0,1,1,1,0,0,0,0,35,28,21,13,1,1,4,0,61,39,48,1
9,685188,889,IND SL,India Super League,I,17,India,Y,16581,FC Goa,9835,Chennaiyin FC,-1.0,3.0,10.5,-0.25,1.25,5,1,0,3,4,1,0,0,0,68,50,45,34,4,2,2,1,53,47,47,1
10,685250,833,UEFA YL,UEFA Youth League,U,4,International,G,5027,Inter Milan U19,3118,Borussia Dortmund U19,-0.75,3.25,10,-0.25,1.25,4.5,4,1,3,2,2,0,0,0,40,68,42,41,5,3,1,6,42,58,49,1
11,685433,704,ARG R,Argentina Reserve League,A,32,Argentina,A,16042,Almagro Reserves,8320,Quilmes Reserves,+0.25,2.5,9.5,+0.25,1.0,4.5,1,1,1,3,1,1,0,0,39,54,29,23,1,3,5,3,0,0,HT,1
12,685165,783,CMR E1,Cameroon Elite One,C,54,Cameroon,K,19979,Dragon Club Yaounde,19752,UMS de Loum,-0.25,1.75,8.5,-0.25,0.75,4,0,0,3,3,3,2,0,0,53,45,10,5,2,2,4,0,58,42,48,0
13,685168,783,CMR E1,Cameroon Elite One,C,54,Cameroon,K,21730,Stade Renard de Melong,14394,Canon de Yaounde,0.0,1.75,,0.0,0.75,,1,0,1,5,0,1,0,0,59,49,28,42,4,2,2,2,0,0,46,1
14,685269,783,CMR E1,Cameroon Elite One,C,54,Cameroon,K,14393,Bamboutos de Mbouda,19775,AS Fortuna Mfou,-0.25,2.0,,0.0,0.75,,0,0,0,1,1,2,0,0,50,47,36,35,1,2,2,1,0,0,HT,0
15,685270,833,UEFA YL,UEFA Youth League,U,4,International,G,13172,Korona Kielce U19,28985,Real Zaragoza U19,+0.75,2.75,9.5,+0.75,0.75,4.5,1,1,2,0,2,1,1,0,50,70,21,40,2,1,0,3,66,34,47,1
16,685544,969,GRC A Cup,Greece Amateur Cup,G,13,Greece,X,38454,Ermis Liosion,38455,Aps Ikaros,+1.0,3.75,,+0.5,1.5,,2,0,2,1,0,0,0,0,66,64,33,11,7,1,6,0,0,0,HT,1
17,685560,861,IRQ L,Iraq League,I,66,Iraq,Y,36174,Al Talaba,36145,Naft Al Junoob,-0.25,2.25,,+0.5,0.5,,1,2,1,4,0,1,0,0,51,56,24,30,2,5,2,2,0,0,HT,1
18,682493,191,RUS D1,Russia Division 1,R,12,Russia,E,1318,Neftekhimik Nizhnekamsk,1331,SKA Energia Khabarovsk,-0.25,2.25,10,-0.25,1.0,4.5,0,0,0,1,0,0,0,0,8,9,5,7,0,0,0,1,41,59,6,1
19,682489,191,RUS D1,Russia Division 1,R,12,Russia,E,5372,Rotor Volgograd,1303,Luch-Energiya Vladivostok,-1.0,2.25,9,-0.25,1.0,4,0,0,2,0,0,0,0,0,3,4,6,3,0,0,0,0,57,43,3,1
,MatchID,LeagueID,LeagueName,LeagueFullname,LeagueAbbreviation,CountryID,CountryName,CountryAbbreviation,HomeTeamID,HomeTeamName,GuestTeamID,GuestTeamName,HostHandicapFT,ExpectedGoalsFT,BettingCuoteFT,HostHandicapHT,ExpectedGoalsHT,BettingCuoteHT,HostGoalsFT,GuestGoalsFT,HostCornersFT,GuestCornersFT,HostYCFT,GuestYCFT,HostRCFT,GuestRCFT,HostAttacksFT,GuestAttacksFT,HostDAttacksFT,GuestDAttacksFT,HostonTargetFT,GuestonTargetFT,HostoffTargetFT,GuestoffTargetFT,HostPossessionFT,GuestPossessionFT,Status,Goal
0,685290,749,ZAF ND1,South Africa National Div 1,S,37,South Africa,N,20033,Steenberg United,32395,TS Galaxy,-0.25,2.25,9.5,0.0,1.0,4.5,2,2,4,9,0,0,0,0,68,104,31,65,6,4,1,6,0,0,79,1
1,685326,713,TUN L1,Tunisia League 1,T,55,Tunisia,T,5086,JS Kairouanaise,5321,Stade Tunisien,-0.25,2.0,8.5,0.0,0.75,4,0,1,6,1,1,2,0,0,124,79,83,22,2,4,4,1,62,38,74,1
2,685327,713,TUN L1,Tunisia League 1,T,55,Tunisia,T,6213,Bizertin,3259,CS Sfaxien,+0.25,1.75,8.5,0.0,0.75,4,1,2,3,3,0,2,0,0,50,58,23,34,1,4,3,5,0,0,73,1
3,685325,713,TUN L1,Tunisia League 1,T,55,Tunisia,T,27923,AS Slimane,7637,CS Hammam Lif,-0.5,2.0,8,-0.25,0.75,3.5,1,0,4,3,2,3,0,0,53,57,50,35,5,2,1,2,0,0,71,0
4,685067,238,DZA D1,Algeria Division 1,A,111,Algeria,A,27256,AS Ain M'lila,18968,US Biskra,-0.5,2.0,8.5,-0.25,0.75,4,3,0,8,3,1,0,0,0,63,65,47,44,5,1,5,1,47,53,51,1
5,685597,2336,Albania CP,Albania Championship,A,53,Albania,A,15544,KS Flamurtari Vlore,27826,Vllaznia Shkoder,+0.5,1.75,,+0.25,0.75,,1,1,1,2,1,0,1,0,76,69,36,49,1,2,3,6,0,0,50,1
6,685227,833,UEFA YL,UEFA Youth League,U,4,International,G,7901,Benfica U19,8287,Lyon U19,-0.25,3.25,10,0.0,1.25,4.5,1,1,4,1,3,2,0,0,89,68,72,34,1,1,9,1,60,40,50,1
7,685345,771,MAR Cup,Morocco Cup,M,46,Morocco,M,19040,TAS Casablanca,2974,Ittihad Khemisset,-0.25,2.0,9.5,0.0,0.75,4.5,0,1,1,1,1,0,0,0,36,28,21,13,1,1,4,0,60,40,49,1
8,685188,889,IND SL,India Super League,I,17,India,Y,16581,FC Goa,9835,Chennaiyin FC,-1.0,3.0,10.5,-0.25,1.25,5,1,0,3,4,1,0,0,0,70,53,46,35,4,2,2,1,54,46,48,1
9,685250,833,UEFA YL,UEFA Youth League,U,4,International,G,5027,Inter Milan U19,3118,Borussia Dortmund U19,-0.75,3.25,10,-0.25,1.25,4.5,4,1,3,2,2,0,0,0,41,72,42,42,5,3,1,6,42,58,50,1
10,685433,704,ARG R,Argentina Reserve League,A,32,Argentina,A,16042,Almagro Reserves,8320,Quilmes Reserves,+0.25,2.5,9.5,+0.25,1.0,4.5,1,1,1,3,1,1,0,0,41,56,29,24,1,3,5,3,0,0,45,1
11,685165,783,CMR E1,Cameroon Elite One,C,54,Cameroon,K,19979,Dragon Club Yaounde,19752,UMS de Loum,-0.25,1.75,8.5,-0.25,0.75,4,0,0,3,3,3,2,0,0,53,46,10,6,2,2,4,0,58,42,49,0
12,685168,783,CMR E1,Cameroon Elite One,C,54,Cameroon,K,21730,Stade Renard de Melong,14394,Canon de Yaounde,0.0,1.75,,0.0,0.75,,1,0,1,5,0,1,0,0,60,50,29,42,4,2,2,2,0,0,46,1
13,685269,783,CMR E1,Cameroon Elite One,C,54,Cameroon,K,14393,Bamboutos de Mbouda,19775,AS Fortuna Mfou,-0.25,2.0,,0.0,0.75,,0,0,0,1,1,2,0,0,50,47,36,35,1,2,2,1,0,0,HT,0
14,685270,833,UEFA YL,UEFA Youth League,U,4,International,G,13172,Korona Kielce U19,28985,Real Zaragoza U19,+0.75,2.75,9.5,+0.75,0.75,4.5,1,1,2,0,2,1,1,0,50,71,21,42,2,1,0,3,66,34,48,1
15,685544,969,GRC A Cup,Greece Amateur Cup,G,13,Greece,X,38454,Ermis Liosion,38455,Aps Ikaros,+1.0,3.75,,+0.5,1.5,,2,0,2,1,0,0,0,0,66,64,33,11,7,1,6,0,0,0,HT,1
16,685560,861,IRQ L,Iraq League,I,66,Iraq,Y,36174,Al Talaba,36145,Naft Al Junoob,-0.25,2.25,,+0.5,0.5,,1,2,1,4,0,1,0,0,51,56,24,30,2,5,2,2,0,0,HT,1
17,682493,191,RUS D1,Russia Division 1,R,12,Russia,E,1318,Neftekhimik Nizhnekamsk,1331,SKA Energia Khabarovsk,-0.25,2.25,10,-0.25,1.0,4.5,0,0,0,1,0,0,0,0,8,13,5,10,0,0,0,1,34,66,7,1
18,682489,191,RUS D1,Russia Division 1,R,12,Russia,E,5372,Rotor Volgograd,1303,Luch-Energiya Vladivostok,-1.0,2.25,9,-0.25,1.0,4,0,0,2,0,0,0,0,0,3,4,6,4,0,0,0,0,55,45,3,1
,MatchID,LeagueID,LeagueName,LeagueFullname,LeagueAbbreviation,CountryID,CountryName,CountryAbbreviation,HomeTeamID,HomeTeamName,GuestTeamID,GuestTeamName,HostHandicapFT,ExpectedGoalsFT,BettingCuoteFT,HostHandicapHT,ExpectedGoalsHT,BettingCuoteHT,HostGoalsFT,GuestGoalsFT,HostCornersFT,GuestCornersFT,HostYCFT,GuestYCFT,HostRCFT,GuestRCFT,HostAttacksFT,GuestAttacksFT,HostDAttacksFT,GuestDAttacksFT,HostonTargetFT,GuestonTargetFT,HostoffTargetFT,GuestoffTargetFT,HostPossessionFT,GuestPossessionFT,Status,Goal
0,685290,749,ZAF ND1,South Africa National Div 1,S,37,South Africa,N,20033,Steenberg United,32395,TS Galaxy,-0.25,2.25,9.5,0.0,1.0,4.5,3,2,4,9,0,0,0,0,69,105,31,66,7,4,1,6,0,0,80,1
1,685326,713,TUN L1,Tunisia League 1,T,55,Tunisia,T,5086,JS Kairouanaise,5321,Stade Tunisien,-0.25,2.0,8.5,0.0,0.75,4,0,1,6,1,1,2,0,0,124,81,84,22,2,4,5,1,62,38,75,1
2,685327,713,TUN L1,Tunisia League 1,T,55,Tunisia,T,6213,Bizertin,3259,CS Sfaxien,+0.25,1.75,8.5,0.0,0.75,4,1,2,3,3,0,2,0,0,53,61,25,34,1,4,3,5,0,0,74,1
3,685325,713,TUN L1,Tunisia League 1,T,55,Tunisia,T,27923,AS Slimane,7637,CS Hammam Lif,-0.5,2.0,8,-0.25,0.75,3.5,1,0,4,3,2,3,0,0,53,58,51,35,5,2,1,2,0,0,72,0
4,685067,238,DZA D1,Algeria Division 1,A,111,Algeria,A,27256,AS Ain M'lila,18968,US Biskra,-0.5,2.0,8.5,-0.25,0.75,4,3,0,8,3,1,0,0,0,66,66,47,45,5,1,5,1,47,53,53,1
5,685597,2336,Albania CP,Albania Championship,A,53,Albania,A,15544,KS Flamurtari Vlore,27826,Vllaznia Shkoder,+0.5,1.75,,+0.25,0.75,,1,1,1,2,1,0,1,0,77,71,36,51,1,2,3,7,0,0,51,1
6,685227,833,UEFA YL,UEFA Youth League,U,4,International,G,7901,Benfica U19,8287,Lyon U19,-0.25,3.25,10,0.0,1.25,4.5,1,1,5,1,3,2,0,0,89,68,74,34,1,1,9,1,60,40,51,1
7,685345,771,MAR Cup,Morocco Cup,M,46,Morocco,M,19040,TAS Casablanca,2974,Ittihad Khemisset,-0.25,2.0,9.5,0.0,0.75,4.5,1,1,1,1,1,0,0,0,37,29,22,14,2,1,4,0,60,40,50,1
8,685188,889,IND SL,India Super League,I,17,India,Y,16581,FC Goa,9835,Chennaiyin FC,-1.0,3.0,10.5,-0.25,1.25,5,1,0,3,4,1,0,0,0,70,54,46,36,4,2,2,1,53,47,49,1
9,685250,833,UEFA YL,UEFA Youth League,U,4,International,G,5027,Inter Milan U19,3118,Borussia Dortmund U19,-0.75,3.25,10,-0.25,1.25,4.5,4,1,3,2,2,0,0,0,42,75,43,44,5,3,1,6,41,59,51,1
10,685433,704,ARG R,Argentina Reserve League,A,32,Argentina,A,16042,Almagro Reserves,8320,Quilmes Reserves,+0.25,2.5,9.5,+0.25,1.0,4.5,1,1,1,3,1,1,0,0,42,58,29,26,1,3,5,3,0,0,46,1
11,685165,783,CMR E1,Cameroon Elite One,C,54,Cameroon,K,19979,Dragon Club Yaounde,19752,UMS de Loum,-0.25,1.75,8.5,-0.25,0.75,4,0,0,3,3,3,2,0,0,54,47,10,6,2,2,4,0,58,42,50,0
12,685168,783,CMR E1,Cameroon Elite One,C,54,Cameroon,K,21730,Stade Renard de Melong,14394,Canon de Yaounde,0.0,1.75,,0.0,0.75,,1,0,1,6,0,1,0,0,60,51,30,43,4,3,2,2,0,0,48,1
13,685269,783,CMR E1,Cameroon Elite One,C,54,Cameroon,K,14393,Bamboutos de Mbouda,19775,AS Fortuna Mfou,-0.25,2.0,,0.0,0.75,,0,0,0,1,1,2,0,0,50,47,36,35,1,2,2,1,0,0,HT,0
14,685270,833,UEFA YL,UEFA Youth League,U,4,International,G,13172,Korona Kielce U19,28985,Real Zaragoza U19,+0.75,2.75,9.5,+0.75,0.75,4.5,1,1,2,0,2,1,1,0,52,74,21,42,2,1,0,3,66,34,49,1
15,685544,969,GRC A Cup,Greece Amateur Cup,G,13,Greece,X,38454,Ermis Liosion,38455,Aps Ikaros,+1.0,3.75,,+0.5,1.5,,2,0,2,1,0,0,0,0,66,64,33,11,7,1,6,0,0,0,HT,1
16,685560,861,IRQ L,Iraq League,I,66,Iraq,Y,36174,Al Talaba,36145,Naft Al Junoob,-0.25,2.25,,+0.5,0.5,,1,2,1,4,0,1,0,0,51,56,24,30,2,5,2,2,0,0,HT,1
17,684931,720,SAU D1,Saudi Arabia Division 1,S,36,Saudi Arabia,S,23906,Al Thuqbah,28557,Al Taqdom,-0.25,2.5,9,+0.5,0.5,4,0,0,1,3,0,0,0,0,31,32,8,11,1,1,0,1,0,0,22,1
18,682493,191,RUS D1,Russia Division 1,R,12,Russia,E,1318,Neftekhimik Nizhnekamsk,1331,SKA Energia Khabarovsk,-0.25,2.25,10,-0.25,1.0,4.5,0,0,0,1,0,1,0,0,9,14,6,10,0,0,0,1,36,64,8,1
19,682489,191,RUS D1,Russia Division 1,R,12,Russia,E,5372,Rotor Volgograd,1303,Luch-Energiya Vladivostok,-1.0,2.25,9,-0.25,1.0,4,0,0,2,0,0,0,0,0,7,5,8,4,0,0,0,0,60,40,5,1
,MatchID,LeagueID,LeagueName,LeagueFullname,LeagueAbbreviation,CountryID,CountryName,CountryAbbreviation,HomeTeamID,HomeTeamName,GuestTeamID,GuestTeamName,HostHandicapFT,ExpectedGoalsFT,BettingCuoteFT,HostHandicapHT,ExpectedGoalsHT,BettingCuoteHT,HostGoalsFT,GuestGoalsFT,HostCornersFT,GuestCornersFT,HostYCFT,GuestYCFT,HostRCFT,GuestRCFT,HostAttacksFT,GuestAttacksFT,HostDAttacksFT,GuestDAttacksFT,HostonTargetFT,GuestonTargetFT,HostoffTargetFT,GuestoffTargetFT,HostPossessionFT,GuestPossessionFT,Status,Goal
0,685290,749,ZAF ND1,South Africa National Div 1,S,37,South Africa,N,20033,Steenberg United,32395,TS Galaxy,-0.25,2.25,9.5,0.0,1.0,4.5,3,2,4,9,0,0,0,0,69,106,32,67,7,4,1,6,0,0,81,1
1,685326,713,TUN L1,Tunisia League 1,T,55,Tunisia,T,5086,JS Kairouanaise,5321,Stade Tunisien,-0.25,2.0,8.5,0.0,0.75,4,0,1,6,1,1,2,0,0,124,81,84,23,2,4,5,1,62,38,76,1
2,685327,713,TUN L1,Tunisia League 1,T,55,Tunisia,T,6213,Bizertin,3259,CS Sfaxien,+0.25,1.75,8.5,0.0,0.75,4,1,2,3,3,0,2,0,0,55,62,25,34,1,4,3,5,0,0,75,1
3,685325,713,TUN L1,Tunisia League 1,T,55,Tunisia,T,27923,AS Slimane,7637,CS Hammam Lif,-0.5,2.0,8,-0.25,0.75,3.5,1,0,4,3,2,3,0,0,54,58,52,35,5,2,1,2,0,0,73,0
4,685067,238,DZA D1,Algeria Division 1,A,111,Algeria,A,27256,AS Ain M'lila,18968,US Biskra,-0.5,2.0,8.5,-0.25,0.75,4,3,0,8,3,1,0,0,0,69,67,49,46,5,1,5,1,49,51,54,1
5,685597,2336,Albania CP,Albania Championship,A,53,Albania,A,15544,KS Flamurtari Vlore,27826,Vllaznia Shkoder,+0.5,1.75,,+0.25,0.75,,1,1,2,2,1,0,1,0,78,71,38,51,1,2,4,7,0,0,52,1
6,685227,833,UEFA YL,UEFA Youth League,U,4,International,G,7901,Benfica U19,8287,Lyon U19,-0.25,3.25,10,0.0,1.25,4.5,1,1,5,1,3,2,0,0,93,69,76,34,1,1,9,1,60,40,52,1
7,685345,771,MAR Cup,Morocco Cup,M,46,Morocco,M,19040,TAS Casablanca,2974,Ittihad Khemisset,-0.25,2.0,9.5,0.0,0.75,4.5,1,1,1,1,1,0,0,0,37,29,22,14,2,1,4,0,60,40,51,1
8,685188,889,IND SL,India Super League,I,17,India,Y,16581,FC Goa,9835,Chennaiyin FC,-1.0,3.0,10.5,-0.25,1.25,5,1,0,3,4,1,0,0,0,71,55,46,37,4,2,2,1,53,47,50,1
9,685250,833,UEFA YL,UEFA Youth League,U,4,International,G,5027,Inter Milan U19,3118,Borussia Dortmund U19,-0.75,3.25,10,-0.25,1.25,4.5,4,1,3,3,2,0,0,0,42,75,43,46,5,3,1,7,40,60,52,1
10,685433,704,ARG R,Argentina Reserve League,A,32,Argentina,A,16042,Almagro Reserves,8320,Quilmes Reserves,+0.25,2.5,9.5,+0.25,1.0,4.5,1,1,1,3,1,1,0,0,43,59,30,27,1,3,5,4,0,0,47,1
11,685165,783,CMR E1,Cameroon Elite One,C,54,Cameroon,K,19979,Dragon Club Yaounde,19752,UMS de Loum,-0.25,1.75,8.5,-0.25,0.75,4,0,0,3,3,3,2,0,0,54,47,10,6,2,2,4,0,58,42,51,0
12,685168,783,CMR E1,Cameroon Elite One,C,54,Cameroon,K,21730,Stade Renard de Melong,14394,Canon de Yaounde,0.0,1.75,,0.0,0.75,,1,1,1,6,0,1,0,0,60,51,30,43,4,4,2,2,0,0,49,1
13,685269,783,CMR E1,Cameroon Elite One,C,54,Cameroon,K,14393,Bamboutos de Mbouda,19775,AS Fortuna Mfou,-0.25,2.0,,0.0,0.75,,0,0,0,1,1,2,0,0,50,48,36,35,1,2,2,1,0,0,45,0
14,685270,833,UEFA YL,UEFA Youth League,U,4,International,G,13172,Korona Kielce U19,28985,Real Zaragoza U19,+0.75,2.75,9.5,+0.75,0.75,4.5,1,1,2,0,2,1,1,0,53,75,21,44,2,2,0,3,66,34,50,1
15,685544,969,GRC A Cup,Greece Amateur Cup,G,13,Greece,X,38454,Ermis Liosion,38455,Aps Ikaros,+1.0,3.75,,+0.5,1.5,,2,0,2,1,0,0,0,0,66,64,33,11,7,1,6,0,0,0,HT,1
16,685560,861,IRQ L,Iraq League,I,66,Iraq,Y,36174,Al Talaba,36145,Naft Al Junoob,-0.25,2.25,,+0.5,0.5,,1,2,1,4,0,1,0,0,51,56,24,30,2,5,2,2,0,0,HT,1
17,682493,191,RUS D1,Russia Division 1,R,12,Russia,E,1318,Neftekhimik Nizhnekamsk,1331,SKA Energia Khabarovsk,-0.25,2.25,10,-0.25,1.0,4.5,0,0,0,1,0,1,0,0,9,14,6,10,0,0,0,1,36,64,9,1
18,682489,191,RUS D1,Russia Division 1,R,12,Russia,E,5372,Rotor Volgograd,1303,Luch-Energiya Vladivostok,-1.0,2.25,9,-0.25,1.0,4,0,0,2,0,0,0,0,0,8,5,9,4,0,0,0,0,66,34,6,1
,MatchID,LeagueID,LeagueName,LeagueFullname,LeagueAbbreviation,CountryID,CountryName,CountryAbbreviation,HomeTeamID,HomeTeamName,GuestTeamID,GuestTeamName,HostHandicapFT,ExpectedGoalsFT,BettingCuoteFT,HostHandicapHT,ExpectedGoalsHT,BettingCuoteHT,HostGoalsFT,GuestGoalsFT,HostCornersFT,GuestCornersFT,HostYCFT,GuestYCFT,HostRCFT,GuestRCFT,HostAttacksFT,GuestAttacksFT,HostDAttacksFT,GuestDAttacksFT,HostonTargetFT,GuestonTargetFT,HostoffTargetFT,GuestoffTargetFT,HostPossessionFT,GuestPossessionFT,Status,Goal
0,685560,861,IRQ L,Iraq League,I,66,Iraq,Y,36174,Al Talaba,36145,Naft Al Junoob,-0.25,2.25,,+0.5,0.5,,4,4,3,5,0,3,0,0,104,101,73,61,8,11,4,4,0,0,90,1
1,685265,833,UEFA YL,UEFA Youth League,U,4,International,G,36075,FCI Levadia U19,8170,IA Akranes U19,+2.25,4.25,10,+1.0,1.75,4.5,0,10,0,10,2,0,1,0,93,134,32,92,2,16,0,9,46,54,82,1
2,685202,2573,POR U23 L,Portugal U23 League,P,45,Portugal,P,32399,Braga U23,37037,Academica  U23,-1.0,2.75,10,-0.25,1.25,4.5,2,2,5,6,3,1,0,0,76,85,50,56,8,5,1,4,47,53,80,1
3,685571,2445,Kuwait D1,Kuwait Division 1,K,72,Kuwait,K,8016,Al Salibikhaet SC,12447,Burgan SC,-0.5,2.75,,-0.25,1.0,,0,0,2,2,3,2,0,0,59,56,62,56,8,4,4,4,0,0,70,0
4,685572,2445,Kuwait D1,Kuwait Division 1,K,72,Kuwait,K,8014,Khaitan,7960,Al Fahaheel SC,-0.25,2.75,,0.0,1.0,,1,2,2,1,1,1,0,0,74,63,50,39,1,6,3,2,0,0,66,1
5,684931,720,SAU D1,Saudi Arabia Division 1,S,36,Saudi Arabia,S,23906,Al Thuqbah,28557,Al Taqdom,-0.25,2.5,9,+0.5,0.5,4,2,0,6,6,1,1,0,0,79,89,33,31,5,2,1,3,0,0,64,1
6,685082,236,DZA YL,Algeria Youth League,A,111,Algeria,A,11019,JS Saoura U21,32221,NC Magra U21,-2,3.5,,-0.75,1.5,,0,0,6,0,2,3,0,0,60,31,61,16,3,1,15,2,0,0,63,0
7,685276,955,BHR D2,Bahrain Division 2,B,80,Bahrain,B,12742,Al Ittifaq Maqaba,10562,Isa Town,+2,3.0,8.5,+0.75,1.25,4,0,1,1,5,1,0,0,0,41,37,14,36,0,3,0,4,0,0,54,1
8,685277,955,BHR D2,Bahrain Division 2,B,80,Bahrain,B,10426,Qalali,2024,Malkiya,+1.5,3.25,8.5,+0.75,1.25,4,1,2,2,4,2,2,0,0,43,44,22,31,2,5,1,2,0,0,54,1
9,685134,720,SAU D1,Saudi Arabia Division 1,S,36,Saudi Arabia,S,25207,Al Kawkab,24316,Al Jabalain,+0.25,2.25,,0.0,1.0,,0,0,1,3,2,1,0,0,52,54,32,38,1,3,2,6,0,0,51,0
10,685305,315,UKR DL,Ukraine Druha Liga,U,21,Ukraine,W,32096,FC Alliance Lipova Dolina,37522,FK Avanhard Kramatorsk II,-2.25,3.5,,-1.0,1.5,,1,0,3,1,2,2,0,0,65,55,46,33,2,1,5,4,0,0,49,1
11,685154,2349,Qatar L2,Qatar League 2,Q,34,Qatar,K,10293,Al Mesaimeer SC,19941,Al-Kharitiyath SC,+0.5,3.25,9.5,+0.25,1.25,4.5,2,1,2,2,0,1,0,0,44,45,27,44,10,5,2,8,0,0,50,1
12,685271,833,UEFA YL,UEFA Youth League,U,4,International,G,23288,Sheriff Tiraspol U19,38196,Shkendija Tirane U19,-1.25,3.25,11.5,-0.5,1.25,5.5,1,0,2,3,0,1,0,0,57,59,30,27,4,4,3,2,46,54,53,1
13,685413,704,ARG R,Argentina Reserve League,A,32,Argentina,A,28720,Deportivo Laferrere Reserves,33363,CA Ituzaingo Reserves,+0.25,3.0,,+0.25,1.25,,2,2,3,2,2,1,0,0,71,74,45,33,4,3,5,3,0,0,54,1
14,685156,2349,Qatar L2,Qatar League 2,Q,34,Qatar,K,38086,Al Waab FC,13044,Al-Mu'aidar,+1.25,3.25,8.5,+0.5,1.25,4,0,1,0,7,0,1,0,0,36,48,12,23,1,4,1,8,40,60,52,1
15,682493,191,RUS D1,Russia Division 1,R,12,Russia,E,1318,Neftekhimik Nizhnekamsk,1331,SKA Energia Khabarovsk,-0.25,2.25,10,-0.25,1.0,4.5,1,1,0,4,1,2,0,1,70,56,37,27,3,4,5,6,56,44,50,1
16,685264,833,UEFA YL,UEFA Youth League,U,4,International,G,8877,Ludogorets Razgrad U19,2578,Slovan Bratislava U19,0.0,3.0,10,0.0,1.25,4.5,1,0,0,2,1,0,0,0,74,75,39,40,2,1,3,2,52,48,54,1
17,685263,833,UEFA YL,UEFA Youth League,U,4,International,G,23287,PAOK Salonika U19,31995,Bohemians Dublin U19,-0.5,3.0,10,-0.25,1.25,4.5,1,0,5,4,0,0,0,0,68,50,44,40,4,0,3,3,49,51,52,0
18,685278,833,UEFA YL,UEFA Youth League,U,4,International,G,10835,FK Brodarac U19,19596,Rennes U19,+1.5,3.0,9.5,+0.75,1.25,4.5,0,0,0,3,3,2,0,0,52,88,18,54,0,2,1,7,0,0,54,0
19,685280,833,UEFA YL,UEFA Youth League,U,4,International,G,38195,FK Liepaja U19,7905,FC Porto U19,+2.75,4.25,,+1.25,1.75,,0,1,1,5,1,1,0,0,39,97,15,66,1,4,0,5,0,0,51,1
20,685317,769,HRV Cup,Croatia Cup,C,98,Croatia,K,5584,NK Zadar,5349,NK Osijek,+2.5,3.25,,+1.0,1.25,,0,2,3,1,0,1,0,0,73,77,20,37,0,5,3,2,47,53,53,1
21,682489,191,RUS D1,Russia Division 1,R,12,Russia,E,5372,Rotor Volgograd,1303,Luch-Energiya Vladivostok,-1.0,2.25,9,-0.25,1.0,4,2,0,4,4,0,3,0,0,67,87,50,46,2,0,3,1,55,45,50,1
22,685153,2349,Qatar L2,Qatar League 2,Q,34,Qatar,K,33107,Al Bidda SC,10717,Al Markhiya,+1.0,3.0,8.5,+0.5,1.25,4,0,2,0,1,1,0,0,0,51,44,16,29,0,2,1,3,0,0,47,1
23,685414,704,ARG R,Argentina Reserve League,A,32,Argentina,A,23097,Excursionistas Reserves,33771,General Lamadrid Reserves,-1.0,2.75,,-0.5,1.0,,1,0,2,0,0,2,0,0,54,42,26,15,4,0,0,4,0,0,HT,1
24,684949,817,OMN L,Oman League,O,33,Oman,A,24159,Al-Nahda,27575,Dhofar,+0.75,2.5,8.5,+0.25,1.0,4,0,0,2,3,0,1,0,0,43,35,31,27,2,3,5,5,0,0,HT,0
25,684932,720,SAU D1,Saudi Arabia Division 1,S,36,Saudi Arabia,S,34228,Al-Bukayriyah FC,18789,Al Najoom,-0.25,2.5,9,0.0,1.0,4,5,1,3,4,0,1,0,0,52,40,35,24,6,2,2,0,0,0,HT,1
26,682494,191,RUS D1,Russia Division 1,R,12,Russia,E,1275,Shinnik Yaroslavl,1256,Baltika Kaliningrad,0.0,2.25,8.5,0.0,0.75,4,0,1,2,2,0,0,0,0,37,43,27,36,0,2,1,1,43,57,39,1
27,682490,191,RUS D1,Russia Division 1,R,12,Russia,E,1378,FK Khimki,25462,FK Armavir,-1.25,2.25,9,-0.5,1.0,4,0,0,1,0,0,1,0,0,50,26,13,8,0,0,1,0,60,40,27,1
28,682497,191,RUS D1,Russia Division 1,R,12,Russia,E,4444,Chertanovo,5443,Tekstilshchik Ivanovo,-1.25,2.5,9.5,-0.5,1.0,4.5,0,0,0,0,0,0,0,0,20,14,12,3,0,0,3,0,62,38,10,1
29,682496,191,RUS D1,Russia Division 1,R,12,Russia,E,1273,Torpedo Moscow,17080,FC Chayka,-1.0,2.25,9,-0.25,1.0,4.5,0,0,1,1,0,0,0,0,16,10,8,8,1,0,0,0,65,35,9,1
MatchID;LeagueID;LeagueName;LeagueFullname;LeagueAbbreviation;CountryID;CountryName;CountryAbbreviation;HomeTeamID;HomeTeamName;GuestTeamID;GuestTeamName;HostHandicapFT;ExpectedGoalsFT;BettingCuoteFT;HostHandicapHT;ExpectedGoalsHT;BettingCuoteHT;HostGoalsFT;GuestGoalsFT;HostCornersFT;GuestCornersFT;HostYCFT;GuestYCFT;HostRCFT;GuestRCFT;HostAttacksFT;GuestAttacksFT;HostDAttacksFT;GuestDAttacksFT;HostonTargetFT;GuestonTargetFT;HostoffTargetFT;GuestoffTargetFT;HostPossessionFT;GuestPossessionFT;Status;Goal
685571;2445;Kuwait D1;Kuwait Division 1;K;72;Kuwait;K;8016;Al Salibikhaet SC;12447;Burgan SC;#FIELD!;2.75;;#FIELD!;1.0;;1;0;4;2;5;2;0;0;67;66;74;70;11;6;6;5;0;0;90;0
685572;2445;Kuwait D1;Kuwait Division 1;K;72;Kuwait;K;8014;Khaitan;7960;Al Fahaheel SC;#FIELD!;2.75;;0.0;1.0;;1;2;2;1;3;5;0;0;97;79;66;48;2;6;4;2;0;0;85;1
684931;720;SAU D1;Saudi Arabia Division 1;S;36;Saudi Arabia;S;23906;Al Thuqbah;28557;Al Taqdom;#FIELD!;2.5;9;#FIELD!;0.5;4;2;0;8;8;1;1;0;0;102;116;41;45;5;3;3;5;0;0;84;1
685082;236;DZA YL;Algeria Youth League;A;111;Algeria;A;11019;JS Saoura U21;32221;NC Magra U21;-2;3.5;;#FIELD!;1.5;;0;0;10;0;2;3;1;1;79;39;84;18;6;1;19;2;0;0;82;0
685276;955;BHR D2;Bahrain Division 2;B;80;Bahrain;B;12742;Al Ittifaq Maqaba;10562;Isa Town;2;3.0;8.5;#FIELD!;1.25;4;0;3;1;7;2;0;0;0;56;50;21;50;0;7;1;6;0;0;73;1
685277;955;BHR D2;Bahrain Division 2;B;80;Bahrain;B;10426;Qalali;2024;Malkiya;#FIELD!;3.25;8.5;#FIELD!;1.25;4;1;2;3;4;5;2;0;0;55;60;29;41;3;6;1;3;0;0;73;1
685134;720;SAU D1;Saudi Arabia Division 1;S;36;Saudi Arabia;S;25207;Al Kawkab;24316;Al Jabalain;#FIELD!;2.25;;0.0;1.0;;0;1;3;4;3;2;0;0;71;69;53;48;1;4;2;6;0;0;70;0
685305;315;UKR DL;Ukraine Druha Liga;U;21;Ukraine;W;32096;FC Alliance Lipova Dolina;37522;FK Avanhard Kramatorsk II;#FIELD!;3.5;;#FIELD!;1.5;;1;0;6;1;2;2;0;0;90;83;70;50;2;1;7;5;0;0;69;1
685154;2349;Qatar L2;Qatar League 2;Q;34;Qatar;K;10293;Al Mesaimeer SC;19941;Al-Kharitiyath SC;#FIELD!;3.25;9.5;#FIELD!;1.25;4.5;3;2;2;3;0;1;0;0;56;59;36;60;12;7;3;12;0;0;70;1
685271;833;UEFA YL;UEFA Youth League;U;4;International;G;23288;Sheriff Tiraspol U19;38196;Shkendija Tirane U19;#FIELD!;3.25;11.5;#FIELD!;1.25;5.5;1;0;2;5;1;2;0;0;76;79;36;43;6;5;3;3;44;56;73;1
685413;704;ARG R;Argentina Reserve League;A;32;Argentina;A;28720;Deportivo Laferrere Reserves;33363;CA Ituzaingo Reserves;#FIELD!;3.0;;#FIELD!;1.25;;2;3;4;3;2;1;0;0;90;94;56;50;4;4;9;4;0;0;73;1
685156;2349;Qatar L2;Qatar League 2;Q;34;Qatar;K;38086;Al Waab FC;13044;Al-Mu'aidar;#FIELD!;3.25;8.5;#FIELD!;1.25;4;0;5;0;8;0;1;0;0;49;64;17;36;1;8;2;9;40;60;71;1
682493;191;RUS D1;Russia Division 1;R;12;Russia;E;1318;Neftekhimik Nizhnekamsk;1331;SKA Energia Khabarovsk;#FIELD!;2.25;10;#FIELD!;1.0;4.5;1;1;1;4;2;2;0;1;90;77;50;42;3;4;7;7;55;45;69;1
685264;833;UEFA YL;UEFA Youth League;U;4;International;G;8877;Ludogorets Razgrad U19;2578;Slovan Bratislava U19;0.0;3.0;10;0.0;1.25;4.5;1;0;1;2;1;1;0;0;101;99;56;50;3;1;4;2;54;46;74;1
685263;833;UEFA YL;UEFA Youth League;U;4;International;G;23287;PAOK Salonika U19;31995;Bohemians Dublin U19;#FIELD!;3.0;10;#FIELD!;1.25;4.5;1;0;6;5;1;0;0;0;82;68;66;59;5;0;7;4;49;51;72;0
685278;833;UEFA YL;UEFA Youth League;U;4;International;G;10835;FK Brodarac U19;19596;Rennes U19;#FIELD!;3.0;9.5;#FIELD!;1.25;4.5;0;0;0;4;3;2;0;0;76;125;32;74;0;3;2;10;0;0;74;0
685280;833;UEFA YL;UEFA Youth League;U;4;International;G;38195;FK Liepaja U19;7905;FC Porto U19;#FIELD!;4.25;;#FIELD!;1.75;;0;2;1;7;1;1;0;0;48;131;17;91;1;6;0;8;0;0;71;1
685317;769;HRV Cup;Croatia Cup;C;98;Croatia;K;5584;NK Zadar;5349;NK Osijek;#FIELD!;3.25;;#FIELD!;1.25;;0;2;3;2;1;1;0;0;101;95;31;49;1;6;4;3;46;54;72;1
682489;191;RUS D1;Russia Division 1;R;12;Russia;E;5372;Rotor Volgograd;1303;Luch-Energiya Vladivostok;#FIELD!;2.25;9;#FIELD!;1.0;4;2;0;6;4;0;3;0;0;88;111;71;56;2;0;4;3;57;43;69;1
685153;2349;Qatar L2;Qatar League 2;Q;34;Qatar;K;33107;Al Bidda SC;10717;Al Markhiya;#FIELD!;3.0;8.5;#FIELD!;1.25;4;0;3;0;2;1;0;0;0;77;73;25;44;0;4;2;4;0;0;67;1
685414;704;ARG R;Argentina Reserve League;A;32;Argentina;A;23097;Excursionistas Reserves;33771;General Lamadrid Reserves;#FIELD!;2.75;;#FIELD!;1.0;;2;0;3;0;0;2;0;0;73;59;40;23;6;0;2;5;0;0;63;1
684949;817;OMN L;Oman League;O;33;Oman;A;24159;Al-Nahda;27575;Dhofar;#FIELD!;2.5;8.5;#FIELD!;1.0;4;0;0;2;4;0;1;0;0;53;48;34;43;2;3;5;7;0;0;61;0
684932;720;SAU D1;Saudi Arabia Division 1;S;36;Saudi Arabia;S;34228;Al-Bukayriyah FC;18789;Al Najoom;#FIELD!;2.5;9;0.0;1.0;4;6;1;3;5;2;3;0;0;72;61;40;40;7;3;2;2;0;0;61;1
685561;1727;IVO CLC;Ivory Coast League Cup;I;152;Ivory Coast;K;21439;Ecole de Football Yeo Martial;19930;AS Denguele;0.0;2.0;;0.0;0.75;;1;1;3;0;0;1;0;0;65;48;27;16;3;2;3;3;0;0;HT;1
685132;1909;Arab CC;Arab Club Championship;A;36;Saudi Arabia;S;930;Al Wasl SC;909;Al Ittihad Jeddah;#FIELD!;3.0;;#FIELD!;1.25;;0;1;4;1;0;1;0;0;30;36;24;22;3;1;6;2;41;59;HT;1
685300;235;LTU L1;Lithuania 1 Lyga;L;95;Lithuania;L;35575;BFA Vilnius;30193;FC Kupiškis;-2;4.0;;#FIELD!;1.75;;0;1;1;2;1;0;0;0;57;68;33;39;1;3;3;3;47;53;45;1
684933;720;SAU D1;Saudi Arabia Division 1;S;36;Saudi Arabia;S;15771;Ohod Madinah;5410;Al Qadisiya Al Khubar;0.0;2.5;9;0.0;1.0;4.5;0;0;3;0;1;1;0;0;41;41;21;16;2;0;3;0;0;0;HT;0
685318;1394;FIN VPO;Finland Veikkausliiga Play-Offs;F;61;Finland;F;4813;HJK Helsinki;2090;Lahti;#FIELD!;2.5;8;#FIELD!;1.0;3;2;0;1;1;0;1;0;0;23;31;13;15;2;0;2;2;0;0;HT;1
682494;191;RUS D1;Russia Division 1;R;12;Russia;E;1275;Shinnik Yaroslavl;1256;Baltika Kaliningrad;0.0;2.25;8.5;0.0;0.75;4;0;1;2;2;0;0;0;0;44;46;28;38;1;2;1;1;45;55;HT;1
682490;191;RUS D1;Russia Division 1;R;12;Russia;E;1378;FK Khimki;25462;FK Armavir;#FIELD!;2.25;9;#FIELD!;1.0;4;0;0;3;0;0;1;0;0;68;50;26;15;2;2;1;0;54;46;HT;0
682497;191;RUS D1;Russia Division 1;R;12;Russia;E;4444;Chertanovo;5443;Tekstilshchik Ivanovo;#FIELD!;2.5;9.5;#FIELD!;1.0;4.5;0;0;1;1;0;0;0;0;49;42;30;19;1;0;3;0;59;41;30;1
682496;191;RUS D1;Russia Division 1;R;12;Russia;E;1273;Torpedo Moscow;17080;FC Chayka;#FIELD!;2.25;9;#FIELD!;1.0;4.5;1;0;1;1;0;2;0;0;40;36;24;20;2;0;3;2;48;52;29;1MatchID,LeagueID,LeagueName,LeagueFullname,LeagueAbbreviation,CountryID,CountryName,CountryAbbreviation,HomeTeamID,HomeTeamName,GuestTeamID,GuestTeamName,HostHandicapFT,ExpectedGoalsFT,BettingCuoteFT,HostHandicapHT,ExpectedGoalsHT,BettingCuoteHT,HostGoalsFT,GuestGoalsFT,HostCornersFT,GuestCornersFT,HostYCFT,GuestYCFT,HostRCFT,GuestRCFT,HostAttacksFT,GuestAttacksFT,HostDAttacksFT,GuestDAttacksFT,HostonTargetFT,GuestonTargetFT,HostoffTargetFT,GuestoffTargetFT,HostPossessionFT,GuestPossessionFT,Status,Goal
685571,2445,Kuwait D1,Kuwait Division 1,K,72,Kuwait,K,8016,Al Salibikhaet SC,12447,Burgan SC,-0.5,2.75,,-0.25,1.0,,1,0,4,2,6,3,0,0,73,72,80,77,12,7,6,5,0,0,FT,0
685572,2445,Kuwait D1,Kuwait Division 1,K,72,Kuwait,K,8014,Khaitan,7960,Al Fahaheel SC,-0.25,2.75,,0.0,1.0,,1,2,3,1,3,5,0,0,103,88,77,56,3,7,5,2,0,0,90,1
684931,720,SAU D1,Saudi Arabia Division 1,S,36,Saudi Arabia,S,23906,Al Thuqbah,28557,Al Taqdom,-0.25,2.5,9,+0.5,0.5,4,2,0,8,8,1,1,0,0,115,130,46,49,5,3,3,6,0,0,90,1
685082,236,DZA YL,Algeria Youth League,A,111,Algeria,A,11019,JS Saoura U21,32221,NC Magra U21,-2,3.5,,-0.75,1.5,,1,0,11,0,2,3,1,1,89,45,94,23,8,1,20,4,0,0,93,0
685276,955,BHR D2,Bahrain Division 2,B,80,Bahrain,B,12742,Al Ittifaq Maqaba,10562,Isa Town,+2,3.0,8.5,+0.75,1.25,4,1,3,1,7,2,0,0,0,63,57,27,53,1,7,2,6,0,0,84,1
685277,955,BHR D2,Bahrain Division 2,B,80,Bahrain,B,10426,Qalali,2024,Malkiya,+1.5,3.25,8.5,+0.75,1.25,4,1,2,3,6,6,3,0,0,59,65,30,50,3,6,1,3,0,0,84,1
685134,720,SAU D1,Saudi Arabia Division 1,S,36,Saudi Arabia,S,25207,Al Kawkab,24316,Al Jabalain,+0.25,2.25,,0.0,1.0,,0,1,4,4,3,2,0,0,80,80,64,54,2,5,2,6,0,0,81,0
685305,315,UKR DL,Ukraine Druha Liga,U,21,Ukraine,W,32096,FC Alliance Lipova Dolina,37522,FK Avanhard Kramatorsk II,-2.25,3.5,,-1.0,1.5,,2,0,6,1,2,2,0,0,113,91,83,54,4,1,7,5,0,0,79,1
685154,2349,Qatar L2,Qatar League 2,Q,34,Qatar,K,10293,Al Mesaimeer SC,19941,Al-Kharitiyath SC,+0.5,3.25,9.5,+0.25,1.25,4.5,3,3,2,4,0,1,0,0,62,67,39,70,12,8,3,15,0,0,80,1
685271,833,UEFA YL,UEFA Youth League,U,4,International,G,23288,Sheriff Tiraspol U19,38196,Shkendija Tirane U19,-1.25,3.25,11.5,-0.5,1.25,5.5,1,0,4,5,1,3,0,0,83,86,46,45,7,5,4,3,45,55,84,1
685413,704,ARG R,Argentina Reserve League,A,32,Argentina,A,28720,Deportivo Laferrere Reserves,33363,CA Ituzaingo Reserves,+0.25,3.0,,+0.25,1.25,,2,3,4,3,3,1,1,0,106,109,71,60,6,4,10,4,0,0,84,1
685156,2349,Qatar L2,Qatar League 2,Q,34,Qatar,K,38086,Al Waab FC,13044,Al-Mu'aidar,+1.25,3.25,8.5,+0.5,1.25,4,0,5,0,9,0,1,0,0,55,72,19,43,1,8,3,12,39,61,82,1
682493,191,RUS D1,Russia Division 1,R,12,Russia,E,1318,Neftekhimik Nizhnekamsk,1331,SKA Energia Khabarovsk,-0.25,2.25,10,-0.25,1.0,4.5,2,1,1,4,3,2,0,1,96,90,53,46,5,4,7,8,53,47,80,1
685264,833,UEFA YL,UEFA Youth League,U,4,International,G,8877,Ludogorets Razgrad U19,2578,Slovan Bratislava U19,0.0,3.0,10,0.0,1.25,4.5,1,0,1,3,1,2,0,0,108,107,63,57,3,1,5,3,51,49,84,1
685263,833,UEFA YL,UEFA Youth League,U,4,International,G,23287,PAOK Salonika U19,31995,Bohemians Dublin U19,-0.5,3.0,10,-0.25,1.25,4.5,1,0,6,5,1,0,0,0,101,74,82,67,5,0,8,5,52,48,82,0
685278,833,UEFA YL,UEFA Youth League,U,4,International,G,10835,FK Brodarac U19,19596,Rennes U19,+1.5,3.0,9.5,+0.75,1.25,4.5,0,0,0,4,3,2,0,0,87,139,35,83,0,3,2,12,0,0,84,0
685280,833,UEFA YL,UEFA Youth League,U,4,International,G,38195,FK Liepaja U19,7905,FC Porto U19,+2.75,4.25,,+1.25,1.75,,0,3,1,7,1,1,0,0,57,149,19,98,1,7,0,8,0,0,82,1
685317,769,HRV Cup,Croatia Cup,C,98,Croatia,K,5584,NK Zadar,5349,NK Osijek,+2.5,3.25,,+1.0,1.25,,0,2,3,2,1,1,0,0,115,109,39,53,1,6,5,3,47,53,83,1
682489,191,RUS D1,Russia Division 1,R,12,Russia,E,5372,Rotor Volgograd,1303,Luch-Energiya Vladivostok,-1.0,2.25,9,-0.25,1.0,4,2,0,7,4,0,3,0,0,99,119,83,65,2,0,4,4,56,44,80,1
685153,2349,Qatar L2,Qatar League 2,Q,34,Qatar,K,33107,Al Bidda SC,10717,Al Markhiya,+1.0,3.0,8.5,+0.5,1.25,4,0,4,1,2,1,0,0,0,86,80,29,50,0,5,3,6,0,0,77,1
685414,704,ARG R,Argentina Reserve League,A,32,Argentina,A,23097,Excursionistas Reserves,33771,General Lamadrid Reserves,-1.0,2.75,,-0.5,1.0,,2,0,3,0,0,3,0,0,83,73,45,30,7,2,3,6,0,0,74,1
684949,817,OMN L,Oman League,O,33,Oman,A,24159,Al-Nahda,27575,Dhofar,+0.75,2.5,8.5,+0.25,1.0,4,0,0,2,7,0,1,0,0,61,58,39,54,2,3,5,9,0,0,71,0
684932,720,SAU D1,Saudi Arabia Division 1,S,36,Saudi Arabia,S,34228,Al-Bukayriyah FC,18789,Al Najoom,-0.25,2.5,9,0.0,1.0,4,6,1,3,5,2,4,0,0,81,73,46,50,7,3,2,2,0,0,72,1
685561,1727,IVO CLC,Ivory Coast League Cup,I,152,Ivory Coast,K,21439,Ecole de Football Yeo Martial,19930,AS Denguele,0.0,2.0,,0.0,0.75,,1,1,3,0,0,1,0,0,72,57,30,26,3,2,3,3,0,0,52,1
685132,1909,Arab CC,Arab Club Championship,A,36,Saudi Arabia,S,930,Al Wasl SC,909,Al Ittihad Jeddah,+0.5,3.0,,+0.25,1.25,,1,1,4,1,1,1,0,0,36,39,29,24,5,1,7,2,42,58,52,1
685300,235,LTU L1,Lithuania 1 Lyga,L,95,Lithuania,L,35575,BFA Vilnius,30193,FC Kupiškis,-2,4.0,,-1.0,1.75,,0,1,1,2,1,1,0,0,67,85,41,47,1,4,3,4,46,54,56,1
684933,720,SAU D1,Saudi Arabia Division 1,S,36,Saudi Arabia,S,15771,Ohod Madinah,5410,Al Qadisiya Al Khubar,0.0,2.5,9,0.0,1.0,4.5,0,0,3,0,1,1,0,0,49,47,22,17,2,1,4,0,0,0,52,0
685318,1394,FIN VPO,Finland Veikkausliiga Play-Offs,F,61,Finland,F,4813,HJK Helsinki,2090,Lahti,-1.25,2.5,8,-0.5,1.0,3,2,0,1,1,0,1,0,0,30,35,18,15,2,0,2,2,0,0,51,1
682494,191,RUS D1,Russia Division 1,R,12,Russia,E,1275,Shinnik Yaroslavl,1256,Baltika Kaliningrad,0.0,2.25,8.5,0.0,0.75,4,0,2,2,2,0,0,0,0,49,54,32,44,1,3,1,1,45,55,52,1
682490,191,RUS D1,Russia Division 1,R,12,Russia,E,1378,FK Khimki,25462,FK Armavir,-1.25,2.25,9,-0.5,1.0,4,0,0,3,0,0,1,0,0,68,50,26,15,2,2,1,0,54,46,HT,0
682497,191,RUS D1,Russia Division 1,R,12,Russia,E,4444,Chertanovo,5443,Tekstilshchik Ivanovo,-1.25,2.5,9.5,-0.5,1.0,4.5,0,0,1,1,0,0,0,0,63,57,41,21,1,0,3,0,59,41,40,1
682496,191,RUS D1,Russia Division 1,R,12,Russia,E,1273,Torpedo Moscow,17080,FC Chayka,-1.0,2.25,9,-0.25,1.0,4.5,1,0,1,2,2,2,0,0,47,46,30,28,2,0,3,2,49,51,39,1
MatchID,LeagueID,LeagueName,LeagueFullname,LeagueAbbreviation,CountryID,CountryName,CountryAbbreviation,HomeTeamID,HomeTeamName,GuestTeamID,GuestTeamName,HostHandicapFT,ExpectedGoalsFT,BettingCuoteFT,HostHandicapHT,ExpectedGoalsHT,BettingCuoteHT,HostGoalsFT,GuestGoalsFT,HostCornersFT,GuestCornersFT,HostYCFT,GuestYCFT,HostRCFT,GuestRCFT,HostAttacksFT,GuestAttacksFT,HostDAttacksFT,GuestDAttacksFT,HostonTargetFT,GuestonTargetFT,HostoffTargetFT,GuestoffTargetFT,HostPossessionFT,GuestPossessionFT,Status,Goal
685276,955,BHR D2,Bahrain Division 2,B,80,Bahrain,B,12742,Al Ittifaq Maqaba,10562,Isa Town,+2,3.0,8.5,+0.75,1.25,4,1,3,1,7,4,1,1,0,71,68,35,55,1,7,2,7,0,0,90,1
685277,955,BHR D2,Bahrain Division 2,B,80,Bahrain,B,10426,Qalali,2024,Malkiya,+1.5,3.25,8.5,+0.75,1.25,4,1,2,4,6,6,3,0,0,67,73,35,59,4,6,1,4,0,0,95,1
685134,720,SAU D1,Saudi Arabia Division 1,S,36,Saudi Arabia,S,25207,Al Kawkab,24316,Al Jabalain,+0.25,2.25,,0.0,1.0,,0,2,4,6,3,4,0,0,90,94,72,65,2,9,4,6,0,0,92,0
685305,315,UKR DL,Ukraine Druha Liga,U,21,Ukraine,W,32096,FC Alliance Lipova Dolina,37522,FK Avanhard Kramatorsk II,-2.25,3.5,,-1.0,1.5,,2,0,7,1,2,3,0,0,132,113,92,70,4,1,7,5,0,0,91,1
685154,2349,Qatar L2,Qatar League 2,Q,34,Qatar,K,10293,Al Mesaimeer SC,19941,Al-Kharitiyath SC,+0.5,3.25,9.5,+0.25,1.25,4.5,3,3,3,5,0,1,0,0,73,79,50,78,12,9,4,15,0,0,92,1
685271,833,UEFA YL,UEFA Youth League,U,4,International,G,23288,Sheriff Tiraspol U19,38196,Shkendija Tirane U19,-1.25,3.25,11.5,-0.5,1.25,5.5,1,0,4,5,1,3,0,0,91,99,52,54,7,6,5,3,44,56,90,1
685413,704,ARG R,Argentina Reserve League,A,32,Argentina,A,28720,Deportivo Laferrere Reserves,33363,CA Ituzaingo Reserves,+0.25,3.0,,+0.25,1.25,,2,3,4,3,3,1,1,0,120,120,82,66,8,4,12,4,0,0,FT,1
685156,2349,Qatar L2,Qatar League 2,Q,34,Qatar,K,38086,Al Waab FC,13044,Al-Mu'aidar,+1.25,3.25,8.5,+0.5,1.25,4,0,6,0,9,0,1,0,0,60,81,20,50,2,9,3,14,40,60,FT,1
682493,191,RUS D1,Russia Division 1,R,12,Russia,E,1318,Neftekhimik Nizhnekamsk,1331,SKA Energia Khabarovsk,-0.25,2.25,10,-0.25,1.0,4.5,2,2,3,4,5,3,0,1,114,96,65,48,6,5,8,9,55,45,91,1
685264,833,UEFA YL,UEFA Youth League,U,4,International,G,8877,Ludogorets Razgrad U19,2578,Slovan Bratislava U19,0.0,3.0,10,0.0,1.25,4.5,1,0,1,5,1,3,0,0,112,120,66,70,3,1,5,4,50,50,FT,1
685263,833,UEFA YL,UEFA Youth League,U,4,International,G,23287,PAOK Salonika U19,31995,Bohemians Dublin U19,-0.5,3.0,10,-0.25,1.25,4.5,1,0,6,6,1,1,0,0,111,93,93,81,5,0,9,6,51,49,90,0
685278,833,UEFA YL,UEFA Youth League,U,4,International,G,10835,FK Brodarac U19,19596,Rennes U19,+1.5,3.0,9.5,+0.75,1.25,4.5,0,0,0,4,3,2,0,0,98,155,44,95,0,4,3,12,0,0,90,0
685280,833,UEFA YL,UEFA Youth League,U,4,International,G,38195,FK Liepaja U19,7905,FC Porto U19,+2.75,4.25,,+1.25,1.75,,0,3,1,7,4,3,0,0,68,163,26,108,1,7,1,10,0,0,FT,1
685317,769,HRV Cup,Croatia Cup,C,98,Croatia,K,5584,NK Zadar,5349,NK Osijek,+2.5,3.25,,+1.0,1.25,,0,3,3,2,1,1,0,0,126,121,44,58,1,7,6,3,46,54,FT,1
682489,191,RUS D1,Russia Division 1,R,12,Russia,E,5372,Rotor Volgograd,1303,Luch-Energiya Vladivostok,-1.0,2.25,9,-0.25,1.0,4,2,0,9,6,0,4,0,0,106,131,93,75,2,2,6,6,55,45,91,1
685153,2349,Qatar L2,Qatar League 2,Q,34,Qatar,K,33107,Al Bidda SC,10717,Al Markhiya,+1.0,3.0,8.5,+0.5,1.25,4,0,4,1,2,1,0,0,0,97,97,32,59,0,5,3,6,0,0,89,1
685414,704,ARG R,Argentina Reserve League,A,32,Argentina,A,23097,Excursionistas Reserves,33771,General Lamadrid Reserves,-1.0,2.75,,-0.5,1.0,,3,0,3,0,1,3,0,0,93,82,48,35,9,2,3,7,0,0,85,1
684949,817,OMN L,Oman League,O,33,Oman,A,24159,Al-Nahda,27575,Dhofar,+0.75,2.5,8.5,+0.25,1.0,4,0,0,2,10,1,2,0,0,69,62,42,60,2,3,6,11,0,0,83,0
684932,720,SAU D1,Saudi Arabia Division 1,S,36,Saudi Arabia,S,34228,Al-Bukayriyah FC,18789,Al Najoom,-0.25,2.5,9,0.0,1.0,4,7,1,3,5,2,5,0,0,96,81,53,56,8,3,3,2,0,0,83,1
685561,1727,IVO CLC,Ivory Coast League Cup,I,152,Ivory Coast,K,21439,Ecole de Football Yeo Martial,19930,AS Denguele,0.0,2.0,,0.0,0.75,,1,2,4,0,0,1,0,0,86,67,38,31,3,5,4,3,0,0,64,1
685132,1909,Arab CC,Arab Club Championship,A,36,Saudi Arabia,S,930,Al Wasl SC,909,Al Ittihad Jeddah,+0.5,3.0,,+0.25,1.25,,1,1,5,1,1,1,0,1,45,45,37,27,5,1,9,2,43,57,64,1
685300,235,LTU L1,Lithuania 1 Lyga,L,95,Lithuania,L,35575,BFA Vilnius,30193,FC Kupiškis,-2,4.0,,-1.0,1.75,,0,1,2,2,1,1,0,0,86,103,53,58,1,4,4,5,48,52,67,1
684933,720,SAU D1,Saudi Arabia Division 1,S,36,Saudi Arabia,S,15771,Ohod Madinah,5410,Al Qadisiya Al Khubar,0.0,2.5,9,0.0,1.0,4.5,0,0,3,0,2,1,0,0,59,58,27,23,3,2,5,0,0,0,63,0
685318,1394,FIN VPO,Finland Veikkausliiga Play-Offs,F,61,Finland,F,4813,HJK Helsinki,2090,Lahti,-1.25,2.5,8,-0.5,1.0,3,2,0,1,1,0,1,0,0,33,47,21,23,2,0,3,5,0,0,63,1
682494,191,RUS D1,Russia Division 1,R,12,Russia,E,1275,Shinnik Yaroslavl,1256,Baltika Kaliningrad,0.0,2.25,8.5,0.0,0.75,4,0,2,2,2,0,0,0,0,65,67,42,54,1,4,1,1,46,54,63,1
682490,191,RUS D1,Russia Division 1,R,12,Russia,E,1378,FK Khimki,25462,FK Armavir,-1.25,2.25,9,-0.5,1.0,4,0,0,3,0,1,1,0,0,83,58,30,17,2,2,2,0,55,45,51,0
685198,854,SER Cup,Serbia Cup,S,59,Serbia,S,3791,Mladost Lucani,19419,FK Backa Topola,+0.25,2.25,9,0.0,1.0,4.5,1,0,4,3,0,0,0,0,38,43,17,26,3,2,3,2,43,57,HT,1
685115,480,SER PL,Serbia Prva Liga,S,59,Serbia,S,19379,FK Graficar Beograd,1181,FK Radnicki 1923,-1.0,2.25,,-0.25,1.0,,0,0,1,0,0,0,0,0,68,67,19,22,0,2,2,5,51,49,HT,0
685545,531,EST Cup,Estonia Cup,E,84,Estonia,A,1485,JK Tallinna Kalev,35034,Pohja-Tallinna JK Volta II,-4,5.0,,-1.75,2.0,,4,0,4,1,0,1,0,0,34,21,26,8,12,0,5,1,63,37,HT,1
682497,191,RUS D1,Russia Division 1,R,12,Russia,E,4444,Chertanovo,5443,Tekstilshchik Ivanovo,-1.25,2.5,9.5,-0.5,1.0,4.5,0,0,2,1,0,0,0,0,70,64,45,24,1,0,3,0,58,42,HT,0
685241,854,SER Cup,Serbia Cup,S,59,Serbia,S,1161,Vojvodina,9227,FK Sindelic Beograd,-3,3.75,,-1.25,1.5,,2,0,8,5,1,2,0,0,47,26,24,2,2,0,1,2,69,31,HT,1
685353,369,GER RL W,Germany Regionalliga West,G,5,Germany,D,5949,Borussia Dortmund II,6355,Alemannia Aachen,0.0,2.75,9.5,0.0,1.25,4.5,0,2,1,2,1,0,0,0,61,62,33,29,0,4,4,2,53,47,HT,1
685279,833,UEFA YL,UEFA Youth League,U,4,International,G,1561,Maccabi Petach Tikva U19,16578,FC Astana U19,-1.75,3.25,10,-0.75,1.25,4.5,2,0,4,0,1,1,0,0,79,36,66,20,2,0,2,1,68,32,HT,1
685068,238,DZA D1,Algeria Division 1,A,111,Algeria,A,2839,MC Alger,7695,NA Hussein Dey,-1.25,2.25,8.5,-0.5,0.75,4,1,0,6,1,0,1,0,0,58,51,49,29,5,0,7,1,58,42,HT,1
682496,191,RUS D1,Russia Division 1,R,12,Russia,E,1273,Torpedo Moscow,17080,FC Chayka,-1.0,2.25,9,-0.25,1.0,4.5,1,0,1,3,2,2,0,0,54,57,33,37,2,0,4,2,45,55,HT,1
685203,2573,POR U23 L,Portugal U23 League,P,45,Portugal,P,32456,CD Aves U23,32398,Cova de Piedade U23,-0.5,2.75,10.5,-0.25,1.25,5,2,0,4,0,0,0,0,0,57,38,32,9,3,0,3,0,60,40,HT,1
685354,290,MAR G1,Morocco GNF 1,M,46,Morocco,M,15913,Mouloudia Oujda,3511,WAC Casablanca,+0.25,2.0,8.5,+0.25,0.75,4,1,1,4,1,0,0,0,0,36,40,30,29,1,2,2,4,44,56,HT,1
685131,392,GER BL U19,Germany Bundesliga U19,G,5,Germany,D,3124,Hertha Berlin U19,27037,Union Berlin U19,-0.75,3.75,10,-0.25,1.5,4.5,0,0,2,3,1,0,0,0,62,50,34,24,2,2,6,5,56,44,HT,0
685069,238,DZA D1,Algeria Division 1,A,111,Algeria,A,1981,USM Alger,8708,CABB Arreridj,-1.0,2.25,8.5,-0.5,0.75,4,0,0,5,2,0,0,0,0,44,34,40,30,1,0,0,0,54,46,HT,0
685116,480,SER PL,Serbia Prva Liga,S,59,Serbia,S,31765,FK Trayal Krusevac,27486,FK Zlatibor,0.0,1.75,,0.0,0.75,,1,0,0,2,1,1,0,0,41,75,22,51,2,3,3,6,42,58,HT,1
684673,244,POL L1,Poland I Liga,P,20,Poland,B,5624,Chrobry Glogow,1813,Zaglebie Sosnowiec,-0.25,2.5,10,0.0,1.0,5,2,0,1,0,0,1,0,0,43,51,38,19,2,2,5,0,48,52,HT,1

