MatchID,LeagueID,LeagueName,LeagueFullname,LeagueAbbreviation,CountryID,CountryName,CountryAbbreviation,HomeTeamID,HomeTeamName,GuestTeamID,GuestTeamName,HostHandicapFT,ExpectedGoalsFT,BettingCuoteFT,HostHandicapHT,ExpectedGoalsHT,BettingCuoteHT,HostGoalsFT,GuestGoalsFT,HostCornersFT,GuestCornersFT,HostYCFT,GuestYCFT,HostRCFT,GuestRCFT,HostAttacksFT,GuestAttacksFT,HostDAttacksFT,GuestDAttacksFT,HostonTargetFT,GuestonTargetFT,HostoffTargetFT,GuestoffTargetFT,HostPossessionFT,GuestPossessionFT,Status,Goal
688123,22,TUR Cup,Turkey Cup,T,26,Turkey,T,33964,Nigde Anadolu,8233,Antalyaspor,+2.25,3.25,9.5,+1.0,1.25,4.5,0,0,2,14,3,2,0,0,54,87,59,141,0,11,7,18,35,65,105,0
688453,682,ISR Cup,Israel Cup,I,97,Israel,Y,9394,Hapoel Kaukab,8993,Maccabi Kiryat Malakhi,-0.75,2.5,,-0.25,1.0,,2,1,11,0,1,1,0,0,96,106,84,50,16,2,9,4,49,51,97,1
688077,2573,POR U23 L,Portugal U23 League,P,45,Portugal,P,32406,Estoril U23,32402,Maritimo U23,-0.5,2.75,10,-0.25,1.25,4.5,2,2,6,5,2,1,0,0,80,96,76,67,2,7,15,3,53,47,FT,1
688151,230,ARM L1,Armenia First League,A,88,Armenia,Y,1544,Ararat Yerevan II,2248,Pyunik Yerevan II,-0.75,3.75,,-0.25,1.5,,1,0,4,3,3,2,0,0,94,87,84,39,5,2,8,10,0,0,FT,1
688514,2311,Georgia EL2,Georgia Erovnuli Liga 2,G,57,Georgia,G,29676,FC Telavi,10523,Kolkheti Poti,-1.5,3.0,,-0.5,1.25,,6,0,4,0,0,0,0,0,144,98,97,43,10,0,9,1,59,41,FT,1
688124,22,TUR Cup,Turkey Cup,T,26,Turkey,T,9517,Eyupspor,6709,Konyaspor,+1.5,2.75,9,+0.5,1.25,4.5,0,0,1,8,2,2,0,0,62,104,25,75,0,2,1,2,32,68,72,0
688076,196,IDN SL,Indonesia Super Liga,I,65,Indonesia,Y,25652,Bhayangkara FC,1327,PSM Makassar,0.0,2.25,9.5,0.0,0.75,4.5,3,1,4,0,2,1,0,0,60,69,30,20,3,2,1,2,0,0,73,1
688168,1795,BGR FL,Bulgaria First League,B,40,Bulgaria,B,6506,Beroe,19465,Botev Vratsa,-1.25,2.5,,-0.5,1.0,,3,0,4,1,1,3,0,1,79,63,82,42,6,1,6,1,65,35,74,1
688140,220,CSK YL,Czech Youth League,C,10,the Czech Republic,J,2777,Banik Ostrava U19,2553,Slavia Prague U19,+0.25,3.75,,0.0,1.5,,1,1,4,7,1,0,0,0,96,115,52,75,0,4,4,6,44,56,67,1
688528,2822,ESP UL,Spain University League,S,23,Spain,X,38531,Universidad Rey Juan Carlos,38468,Universidad Alfonso X,-3.5,4.5,,-1.5,1.75,,1,0,9,3,0,0,0,0,0,0,0,0,1,0,0,0,0,0,69,1
688275,943,SYR D1,Syria Division 1,S,64,Syria,X,10635,Al Foutoua,27155,Al-Shorta Damascus,0.0,2.0,,0.0,0.75,,0,0,4,1,2,0,0,0,37,50,21,29,1,2,2,2,51,49,HT,0
688229,943,SYR D1,Syria Division 1,S,64,Syria,X,11577,Al Nawaeir,10541,Al-Jaish Damascus,+1.0,2.25,,+0.25,0.75,,0,0,2,1,0,0,0,0,60,58,35,37,1,0,1,3,51,49,HT,0
688119,1222,UZB PFL,Uzbekistan PFL,U,67,Uzbekistan,W,14330,Sogdiana Jizzakh,20554,Dinamo Samarqand,-1.0,2.5,,-0.25,1.0,,0,0,3,0,1,1,0,0,45,40,48,21,7,0,1,1,57,43,HT,0
688118,1222,UZB PFL,Uzbekistan PFL,U,67,Uzbekistan,W,15560,Qizilqum Zarafshon,14332,Metalourg Bekabad,-0.5,2.0,,-0.25,0.75,,0,0,0,5,0,0,0,0,35,41,22,16,4,5,3,2,40,60,45,0
688230,943,SYR D1,Syria Division 1,S,64,Syria,X,11692,Al Wahda Damascus,34116,Al Sahel Tartous,-0.75,2.0,,-0.25,0.75,,0,0,2,1,0,0,0,0,46,40,41,20,3,0,4,1,0,100,46,0
688233,943,SYR D1,Syria Division 1,S,64,Syria,X,10647,Al Ittihad Aleppo,33119,Al Taliya SC,-0.5,2.0,,-0.25,0.75,,0,1,5,0,0,2,0,0,59,49,54,25,1,1,12,1,52,48,HT,1
688049,1379,HKG S Cup,Hong Kong Sapling Cup,H,77,Hong Kong,Z,27280,Lee Man FC,17516,HK Pegasus,-0.25,3.25,10,0.0,1.25,4.5,1,1,2,4,0,0,0,0,49,59,36,40,4,2,4,4,53,47,HT,1
685469,548,POL Cup,Poland Cup,P,20,Poland,B,7930,Rekord Bielsko-Biala,1580,Gornik Leczna,+0.75,2.75,,+0.25,1.0,,0,0,0,2,0,0,0,0,46,72,18,38,0,1,3,6,28,72,HT,0
688050,548,POL Cup,Poland Cup,P,20,Poland,B,6334,KS Stilon Gorzow,2126,Zaglebie Lubin,+2.5,3.5,,+1.0,1.5,,0,1,2,5,0,0,0,0,46,59,19,46,0,3,2,9,0,0,45,1
688495,265,URY U19,Uruguay U19 League,U,52,Uruguay,W,14507,Boston River U19,12546,Juventud U19,-0.25,2.75,,0.0,1.25,,1,1,0,3,1,1,0,0,67,75,23,34,4,2,1,6,0,0,HT,1
685471,548,POL Cup,Poland Cup,P,20,Poland,B,10385,CWKS Resovia Rzesz√≥w,2445,Lech Poznan,+1.0,2.5,10,+0.5,1.0,4.5,0,2,0,3,0,2,0,0,44,63,27,46,1,3,2,2,0,0,HT,1
685470,548,POL Cup,Poland Cup,P,20,Poland,B,1752,Radomiak Radom,1611,GKS Tychy 71,0.0,2.75,10.5,0.0,1.0,5,0,0,4,0,1,0,0,0,69,88,36,28,2,0,4,2,0,0,HT,0
688494,265,URY U19,Uruguay U19 League,U,52,Uruguay,W,5267,Penarol U19,5664,Racing U19,0.0,3.5,,0.0,1.5,,0,1,1,4,1,3,0,0,75,54,19,26,1,2,1,2,0,0,HT,1
688496,265,URY U19,Uruguay U19 League,U,52,Uruguay,W,12082,Defensor Sporting U19,7051,Liverpool U19,0.0,2.75,,0.0,1.25,,1,1,5,1,2,0,0,0,61,67,49,45,4,6,4,3,0,0,HT,1
685701,548,POL Cup,Poland Cup,P,20,Poland,B,2903,Blekitni Stargard Szczecinski,1610,Sandecja Nowy Sacz,+0.25,2.5,10,0.0,1.0,5,1,0,2,3,0,3,0,0,32,40,12,16,3,2,2,2,43,57,HT,1
688231,943,SYR D1,Syria Division 1,S,64,Syria,X,32964,Jableh SC,28152,Hutteen,+0.25,2.0,,+0.5,0.5,,0,0,0,2,1,0,0,0,44,56,9,30,1,4,3,7,43,57,HT,0
688497,265,URY U19,Uruguay U19 League,U,52,Uruguay,W,7010,River Plate U19,14347,Cerro U19,-1.25,3.25,,-0.5,1.25,,1,0,2,5,2,2,0,0,66,35,34,22,4,1,5,2,0,0,HT,1
688498,265,URY U19,Uruguay U19 League,U,52,Uruguay,W,1719,Wanderers U19,13715,Danubio U19,+0.75,2.5,,+0.25,1.25,,0,0,2,1,1,0,0,0,61,60,34,52,0,1,3,4,0,0,HT,0
688238,265,URY U19,Uruguay U19 League,U,52,Uruguay,W,13910,Miramar Misiones U19,14349,Fenix U19,+0.5,2.5,,+0.25,1.0,,1,1,3,3,0,0,0,0,47,65,41,35,2,1,3,3,0,0,HT,1
688150,1590,CMR E2,Cameroon Elite Two,C,54,Cameroon,K,29796,Yafoot FC,38526,Stade FC de Bertoua,0.0,2.0,,0.0,0.75,,0,0,1,2,0,1,0,0,49,52,14,17,0,4,2,3,51,49,HT,0
688348,277,SVN Cup,Slovenia Cup,S,68,Slovenia,S,5627,NK Radomlje,3320,NK Celje,+0.75,2.5,,+0.25,1.0,,0,0,1,0,0,0,0,0,25,42,7,20,0,1,2,3,34,66,29,0
688560,859,SER SL,Serbia Srpska Liga,S,59,Serbia,S,3788,FK Teleoptik Zemun,14892,Radnicki Obrenovac,-0.25,2.25,,0.0,0.75,,1,0,2,2,0,0,0,0,32,29,24,18,1,1,2,2,55,45,28,1
688482,1103,BLR RL,Belarus Reserve League,B,94,Belarus,B,35179,FK Dnyapro Reserves,14306,FC BATE Borisov Reserves,+1.25,3.25,,+0.5,1.25,,0,1,1,1,0,0,0,0,28,45,12,31,0,4,2,2,0,0,26,1
688234,817,OMN L,Oman League,O,33,Oman,A,10743,Muscat,8707,Al-Suwaiq,+0.25,2.25,9,0.0,1.0,4,0,0,0,1,0,0,0,0,9,11,5,6,0,0,0,1,0,0,13,0
688110,900,RWA NL,Rwanda National League,R,166,Rwanda,L,10145,Gicumbi FC,10147,Espoir FC,0.0,2.0,8,0.0,0.75,4,0,0,0,0,0,0,0,0,5,11,3,4,0,0,0,0,0,0,3,0
688040,776,GRC Cup,Greece Cup,G,13,Greece,X,27606,Apollon Larissa,4887,Xanthi,+1.75,3.0,,+0.75,1.25,,0,0,0,1,0,0,0,0,0,0,0,0,0,0,0,0,52,48,1,0
688175,568,EGY D2,Egypt Division 2,E,110,Egypt,A,1504,El Daklyeh,1476,Petrojet,0.0,2.0,,0.0,0.75,,0,0,0,0,0,0,0,0,1,3,1,1,0,0,0,0,0,0,1,0
688166,258,WClub F,World Club Friendlies,W,4,International,G,2662,Terengganu,6781,Mohun Bagan,+0.5,3.0,,+0.25,1.25,,0,0,0,0,0,0,0,0,2,1,0,0,0,0,0,0,0,0,1,0
688112,900,RWA NL,Rwanda National League,R,166,Rwanda,L,12871,Marines FC,14315,Bugesera,0.0,2.0,8,0.0,0.75,3.5,0,0,0,0,0,0,0,0,0,0,0,0,0,0,0,0,0,0,NS,0
688180,568,EGY D2,Egypt Division 2,E,110,Egypt,A,10678,Suez Montakhab,28043,Coca Cola FC,0.0,2.0,,0.0,0.75,,0,0,0,0,0,0,0,0,0,0,0,0,0,0,0,0,0,0,NS,0
688174,568,EGY D2,Egypt Division 2,E,110,Egypt,A,9251,Al Nasr Cairo,28260,Serameka,+0.25,2.0,,+0.25,0.75,,0,0,0,0,0,0,0,0,0,0,0,0,0,0,0,0,0,0,NS,0
688179,568,EGY D2,Egypt Division 2,E,110,Egypt,A,10033,Nogoom Mostakbal,30036,Tersana SC,0.0,2.0,,0.0,0.75,,0,0,0,0,0,0,0,0,0,0,0,0,0,0,0,0,0,0,NS,0
688111,900,RWA NL,Rwanda National League,R,166,Rwanda,L,29629,Heroes FC,10126,Mukura,+0.75,2.25,8,+0.25,1.0,3.5,0,0,0,0,0,0,0,0,0,0,0,0,0,0,0,0,0,0,NS,0
688176,568,EGY D2,Egypt Division 2,E,110,Egypt,A,27760,Gomhoryet Shebin,17494,Al Zarka,-0.5,2.0,,-0.25,0.75,,0,0,0,0,0,0,0,0,0,0,0,0,0,0,0,0,0,0,NS,0
688178,568,EGY D2,Egypt Division 2,E,110,Egypt,A,9440,National Bank,1717,Dayrout,0.0,2.0,,0.0,0.75,,0,0,0,0,0,0,0,0,0,0,0,0,0,0,0,0,0,0,NS,0
688177,568,EGY D2,Egypt Division 2,E,110,Egypt,A,10680,Marekh,10402,Olympic El Qanal,0.0,2.0,,0.0,0.75,,0,0,0,0,0,0,0,0,0,0,0,0,0,0,0,0,0,0,NS,0
